Date;Conditions;X;Y;Z - 21 cm;Z - 51 cm;Z - 81 cm;Z - 111cm;Z - 105.4cm
02/02/2021;noFelt;5;1,6;71;223;200;172;
02/02/2021;noFelt;5;3,2;93;227;199;172;
02/02/2021;noFelt;5;4,8;114;234;199;170;
02/02/2021;noFelt;5;6,4;130;234;210;176;
02/02/2021;noFelt;5;8;147;239;206;175;
02/02/2021;noFelt;5;9,6;161;239;206;173;
02/02/2021;noFelt;5;11,2;181;237;214;179;
02/02/2021;noFelt;5;12,8;196;251;212;176;
02/02/2021;noFelt;5;14,4;209;254;220;180;
02/02/2021;noFelt;5;16;223;252;220;184;
02/02/2021;noFelt;5;17,6;231;267;219;183;
02/02/2021;noFelt;5;19,2;240;263;225;186;
02/02/2021;noFelt;5;20,8;260;273;229;190;
02/02/2021;noFelt;5;22,4;262;282;227;185;
02/02/2021;noFelt;5;24;275;279;238;192;
02/02/2021;noFelt;5;25,6;296;294;240;193;
02/02/2021;noFelt;5;27,2;304;304;243;194;
02/02/2021;noFelt;5;28,8;317;297;248;198;
02/02/2021;noFelt;5;30,4;331;308;242;195;
02/02/2021;noFelt;5;32;333;308;245;195;
02/02/2021;noFelt;5;33,6;354;306;249;200;
02/02/2021;noFelt;5;35,2;360;317;243;195;
02/02/2021;noFelt;5;36,8;366;319;250;197;
02/02/2021;noFelt;5;38,4;385;316;250;200;
02/02/2021;noFelt;5;40;388;329;247;196;
02/02/2021;noFelt;5;41,6;390;327;256;201;
02/02/2021;noFelt;5;43,2;408;332;257;203;
02/02/2021;noFelt;5;44,8;398;339;251;197;
02/02/2021;noFelt;5;46,4;397;334;262;205;
02/02/2021;noFelt;5;48;414;343;259;204;
02/02/2021;noFelt;5;49,6;394;347;257;199;
02/02/2021;noFelt;5;51,2;393;339;263;206;
02/02/2021;noFelt;5;52,8;400;343;258;203;
02/02/2021;noFelt;5;54,4;391;351;259;201;
02/02/2021;noFelt;5;56;379;336;258;202;
02/02/2021;noFelt;5;57,6;393;349;259;202;
02/02/2021;noFelt;5;59,2;379;353;263;203;
02/02/2021;noFelt;5;60,8;373;338;259;202;
02/02/2021;noFelt;5;62,4;376;344;254;198;
02/02/2021;noFelt;5;64;369;349;264;203;
02/02/2021;noFelt;5;65,6;371;342;262;204;
02/02/2021;noFelt;5;67,2;368;348;259;200;
02/02/2021;noFelt;5;68,8;356;344;264;205;
02/02/2021;noFelt;5;70,4;367;346;265;207;
02/02/2021;noFelt;5;72;355;349;263;202;
02/02/2021;noFelt;5;73,6;341;338;263;204;
02/02/2021;noFelt;5;75,2;346;341;262;204;
02/02/2021;noFelt;5;76,8;335;342;262;201;
02/02/2021;noFelt;5;78,4;326;339;266;208;
02/02/2021;noFelt;5;80;320;331;256;199;
02/02/2021;noFelt;5;81,6;309;340;264;203;
02/02/2021;noFelt;5;83,2;293;324;257;201;
02/02/2021;noFelt;5;84,8;288;317;250;194;
02/02/2021;noFelt;5;86,4;273;321;255;197;
02/02/2021;noFelt;5;88;259;306;246;193;
02/02/2021;noFelt;5;89,6;253;304;244;190;
02/02/2021;noFelt;5;91,2;239;306;250;194;
02/02/2021;noFelt;5;92,8;236;301;247;194;
02/02/2021;noFelt;5;94,4;228;300;247;191;
02/02/2021;noFelt;5;96;213;298;249;194;
02/02/2021;noFelt;5;97,6;205;288;242;187;
02/02/2021;noFelt;5;99,2;196;290;244;186;
02/02/2021;noFelt;5;100,8;182;285;243;186;
02/02/2021;noFelt;5;102,4;179;278;238;181;
02/02/2021;noFelt;10;1,6;89;234;202;172;
02/02/2021;noFelt;10;3,2;111;241;208;175;
02/02/2021;noFelt;10;4,8;140;239;209;179;
02/02/2021;noFelt;10;6,4;150;248;210;176;
02/02/2021;noFelt;10;8;168;250;216;180;
02/02/2021;noFelt;10;9,6;186;245;211;180;
02/02/2021;noFelt;10;11,2;199;256;213;176;
02/02/2021;noFelt;10;12,8;223;259;223;183;
02/02/2021;noFelt;10;14,4;236;263;222;184;
02/02/2021;noFelt;10;16;243;270;222;182;
02/02/2021;noFelt;10;17,6;267;272;228;192;
02/02/2021;noFelt;10;19,2;271;275;223;187;
02/02/2021;noFelt;10;20,8;290;291;233;190;
02/02/2021;noFelt;10;22,4;310;289;235;193;
02/02/2021;noFelt;10;24;314;298;235;190;
02/02/2021;noFelt;10;25,6;339;313;248;197;
02/02/2021;noFelt;10;27,2;364;312;247;201;
02/02/2021;noFelt;10;28,8;366;319;245;195;
02/02/2021;noFelt;10;30,4;390;323;252;202;
02/02/2021;noFelt;10;32;403;318;245;199;
02/02/2021;noFelt;10;33,6;409;331;249;197;
02/02/2021;noFelt;10;35,2;433;331;253;203;
02/02/2021;noFelt;10;36,8;442;329;248;199;
02/02/2021;noFelt;10;38,4;446;343;254;199;
02/02/2021;noFelt;10;40;470;342;256;205;
02/02/2021;noFelt;10;41,6;472;344;253;200;
02/02/2021;noFelt;10;43,2;480;361;264;205;
02/02/2021;noFelt;10;44,8;492;351;258;205;
02/02/2021;noFelt;10;46,4;485;354;258;201;
02/02/2021;noFelt;10;48;490;371;269;210;
02/02/2021;noFelt;10;49,6;494;360;259;206;
02/02/2021;noFelt;10;51,2;479;361;261;203;
02/02/2021;noFelt;10;52,8;476;373;268;209;
02/02/2021;noFelt;10;54,4;484;367;262;207;
02/02/2021;noFelt;10;56;458;359;257;199;
02/02/2021;noFelt;10;57,6;470;379;269;211;
02/02/2021;noFelt;10;59,2;476;369;262;207;
02/02/2021;noFelt;10;60,8;455;365;262;202;
02/02/2021;noFelt;10;62,4;461;371;263;208;
02/02/2021;noFelt;10;64;469;364;260;204;
02/02/2021;noFelt;10;65,6;458;371;269;207;
02/02/2021;noFelt;10;67,2;464;373;265;209;
02/02/2021;noFelt;10;68,8;461;364;261;202;
02/02/2021;noFelt;10;70,4;463;381;275;213;
02/02/2021;noFelt;10;72;460;372;265;209;
02/02/2021;noFelt;10;73,6;446;358;261;201;
02/02/2021;noFelt;10;75,2;444;375;272;212;
02/02/2021;noFelt;10;76,8;440;364;261;205;
02/02/2021;noFelt;10;78,4;432;362;268;206;
02/02/2021;noFelt;10;80;415;364;265;209;
02/02/2021;noFelt;10;81,6;412;359;261;205;
02/02/2021;noFelt;10;83,2;389;350;263;203;
02/02/2021;noFelt;10;84,8;373;350;257;203;
02/02/2021;noFelt;10;86,4;362;339;252;197;
02/02/2021;noFelt;10;88;340;331;255;197;
02/02/2021;noFelt;10;89,6;330;335;249;198;
02/02/2021;noFelt;10;91,2;317;324;247;193;
02/02/2021;noFelt;10;92,8;304;327;257;201;
02/02/2021;noFelt;10;94,4;292;328;250;199;
02/02/2021;noFelt;10;96;279;314;248;192;
02/02/2021;noFelt;10;97,6;261;313;252;197;
02/02/2021;noFelt;10;99,2;253;315;244;192;
02/02/2021;noFelt;10;100,8;239;300;245;188;
02/02/2021;noFelt;10;102,4;228;304;247;193;
02/02/2021;noFelt;20;1,6;112;257;220;183;
02/02/2021;noFelt;20;3,2;138;251;223;186;
02/02/2021;noFelt;20;4,8;168;259;229;190;
02/02/2021;noFelt;20;6,4;190;269;226;185;
02/02/2021;noFelt;20;8;209;261;228;190;
02/02/2021;noFelt;20;9,6;225;270;229;190;
02/02/2021;noFelt;20;11,2;253;274;225;185;
02/02/2021;noFelt;20;12,8;272;274;236;193;
02/02/2021;noFelt;20;14,4;291;292;238;194;
02/02/2021;noFelt;20;16;314;286;231;191;
02/02/2021;noFelt;20;17,6;331;291;242;201;
02/02/2021;noFelt;20;19,2;345;305;237;196;
02/02/2021;noFelt;20;20,8;383;309;241;199;
02/02/2021;noFelt;20;22,4;391;311;250;203;
02/02/2021;noFelt;20;24;415;329;247;199;
02/02/2021;noFelt;20;25,6;453;329;257;206;
02/02/2021;noFelt;20;27,2;471;342;264;210;
02/02/2021;noFelt;20;28,8;493;349;255;204;
02/02/2021;noFelt;20;30,4;525;342;263;212;
02/02/2021;noFelt;20;32;532;353;261;208;
02/02/2021;noFelt;20;33,6;564;361;258;206;
02/02/2021;noFelt;20;35,2;586;354;267;213;
02/02/2021;noFelt;20;36,8;590;367;263;208;
02/02/2021;noFelt;20;38,4;623;373;263;208;
02/02/2021;noFelt;20;40;640;371;272;214;
02/02/2021;noFelt;20;41,6;642;385;267;208;
02/02/2021;noFelt;20;43,2;680;391;273;215;
02/02/2021;noFelt;20;44,8;669;383;275;214;
02/02/2021;noFelt;20;46,4;667;401;270;211;
02/02/2021;noFelt;20;48;695;401;280;219;
02/02/2021;noFelt;20;49,6;676;394;277;215;
02/02/2021;noFelt;20;51,2;667;410;271;212;
02/02/2021;noFelt;20;52,8;684;408;279;219;
02/02/2021;noFelt;20;54,4;671;402;280;216;
02/02/2021;noFelt;20;56;647;406;268;209;
02/02/2021;noFelt;20;57,6;677;411;284;221;
02/02/2021;noFelt;20;59,2;665;407;280;216;
02/02/2021;noFelt;20;60,8;648;411;272;211;
02/02/2021;noFelt;20;62,4;665;403;280;217;
02/02/2021;noFelt;20;64;657;410;277;213;
02/02/2021;noFelt;20;65,6;662;418;279;217;
02/02/2021;noFelt;20;67,2;674;409;284;218;
02/02/2021;noFelt;20;68,8;660;411;275;211;
02/02/2021;noFelt;20;70,4;682;425;286;223;
02/02/2021;noFelt;20;72;672;410;287;217;
02/02/2021;noFelt;20;73,6;652;408;274;210;
02/02/2021;noFelt;20;75,2;667;418;286;222;
02/02/2021;noFelt;20;76,8;654;401;281;214;
02/02/2021;noFelt;20;78,4;643;412;279;216;
02/02/2021;noFelt;20;80;633;402;283;218;
02/02/2021;noFelt;20;81,6;618;398;280;213;
02/02/2021;noFelt;20;83,2;586;398;273;213;
02/02/2021;noFelt;20;84,8;572;386;277;212;
02/02/2021;noFelt;20;86,4;541;377;268;206;
02/02/2021;noFelt;20;88;509;378;264;208;
02/02/2021;noFelt;20;89,6;492;369;269;206;
02/02/2021;noFelt;20;91,2;466;360;261;202;
02/02/2021;noFelt;20;92,8;449;374;268;212;
02/02/2021;noFelt;20;94,4;433;363;270;208;
02/02/2021;noFelt;20;96;404;353;261;203;
02/02/2021;noFelt;20;97,6;380;359;264;208;
02/02/2021;noFelt;20;99,2;369;350;264;204;
02/02/2021;noFelt;20;100,8;342;339;255;201;
02/02/2021;noFelt;20;102,4;331;346;263;207;
02/02/2021;noFelt;30;1,6;120;263;230;193;
02/02/2021;noFelt;30;3,2;145;270;227;189;
02/02/2021;noFelt;30;4,8;182;267;237;196;
02/02/2021;noFelt;30;6,4;214;278;235;195;
02/02/2021;noFelt;30;8;229;279;236;191;
02/02/2021;noFelt;30;9,6;250;275;240;198;
02/02/2021;noFelt;30;11,2;284;287;235;194;
02/02/2021;noFelt;30;12,8;298;289;243;194;
02/02/2021;noFelt;30;14,4;326;295;248;204;
02/02/2021;noFelt;30;16;347;305;238;196;
02/02/2021;noFelt;30;17,6;361;306;250;203;
02/02/2021;noFelt;30;19,2;384;309;247;205;
02/02/2021;noFelt;30;20,8;420;327;249;202;
02/02/2021;noFelt;30;22,4;427;325;259;207;
02/02/2021;noFelt;30;24;461;333;256;208;
02/02/2021;noFelt;30;25,6;493;351;263;207;
02/02/2021;noFelt;30;27,2;512;353;273;218;
02/02/2021;noFelt;30;28,8;547;356;263;211;
02/02/2021;noFelt;30;30,4;569;364;270;211;
02/02/2021;noFelt;30;32;582;361;270;218;
02/02/2021;noFelt;30;33,6;622;372;265;211;
02/02/2021;noFelt;30;35,2;633;376;274;213;
02/02/2021;noFelt;30;36,8;645;375;273;218;
02/02/2021;noFelt;30;38,4;686;389;270;211;
02/02/2021;noFelt;30;40;692;393;280;217;
02/02/2021;noFelt;30;41,6;703;390;276;218;
02/02/2021;noFelt;30;43,2;744;412;279;216;
02/02/2021;noFelt;30;44,8;724;404;283;219;
02/02/2021;noFelt;30;46,4;735;405;279;219;
02/02/2021;noFelt;30;48;764;424;286;219;
02/02/2021;noFelt;30;49,6;734;412;285;223;
02/02/2021;noFelt;30;51,2;739;413;280;219;
02/02/2021;noFelt;30;52,8;753;427;284;218;
02/02/2021;noFelt;30;54,4;733;420;290;225;
02/02/2021;noFelt;30;56;720;409;276;214;
02/02/2021;noFelt;30;57,6;749;432;288;220;
02/02/2021;noFelt;30;59,2;732;423;290;225;
02/02/2021;noFelt;30;60,8;727;414;277;214;
02/02/2021;noFelt;30;62,4;734;426;284;219;
02/02/2021;noFelt;30;64;726;420;286;222;
02/02/2021;noFelt;30;65,6;744;424;284;217;
02/02/2021;noFelt;30;67,2;746;431;291;224;
02/02/2021;noFelt;30;68,8;732;416;285;219;
02/02/2021;noFelt;30;70,4;766;436;289;222;
02/02/2021;noFelt;30;72;747;429;294;226;
02/02/2021;noFelt;30;73,6;728;412;283;216;
02/02/2021;noFelt;30;75,2;749;429;287;221;
02/02/2021;noFelt;30;76,8;726;418;290;223;
02/02/2021;noFelt;30;78,4;718;412;285;219;
02/02/2021;noFelt;30;80;708;418;283;219;
02/02/2021;noFelt;30;81,6;684;412;290;221;
02/02/2021;noFelt;30;83,2;654;397;278;213;
02/02/2021;noFelt;30;84,8;635;399;278;215;
02/02/2021;noFelt;30;86,4;601;390;278;213;
02/02/2021;noFelt;30;88;573;377;267;206;
02/02/2021;noFelt;30;89,6;556;383;273;211;
02/02/2021;noFelt;30;91,2;521;372;270;207;
02/02/2021;noFelt;30;92,8;506;374;269;209;
02/02/2021;noFelt;30;94,4;485;376;275;214;
02/02/2021;noFelt;30;96;447;363;268;207;
02/02/2021;noFelt;30;97,6;424;358;264;207;
02/02/2021;noFelt;30;99,2;406;363;271;212;
02/02/2021;noFelt;30;100,8;377;346;262;204;
02/02/2021;noFelt;30;102,4;369;348;263;210;
02/02/2021;noFelt;40;1,6;120;267;237;192;
02/02/2021;noFelt;40;3,2;150;274;231;198;
02/02/2021;noFelt;40;4,8;188;281;244;195;
02/02/2021;noFelt;40;6,4;212;279;242;196;
02/02/2021;noFelt;40;8;238;287;240;201;
02/02/2021;noFelt;40;9,6;256;288;247;196;
02/02/2021;noFelt;40;11,2;281;286;241;198;
02/02/2021;noFelt;40;12,8;311;303;247;201;
02/02/2021;noFelt;40;14,4;331;304;254;201;
02/02/2021;noFelt;40;16;347;300;243;204;
02/02/2021;noFelt;40;17,6;375;320;254;207;
02/02/2021;noFelt;40;19,2;379;315;253;203;
02/02/2021;noFelt;40;20,8;409;326;253;212;
02/02/2021;noFelt;40;22,4;431;339;264;208;
02/02/2021;noFelt;40;24;440;338;264;208;
02/02/2021;noFelt;40;25,6;483;354;267;217;
02/02/2021;noFelt;40;27,2;511;370;281;216;
02/02/2021;noFelt;40;28,8;515;360;270;216;
02/02/2021;noFelt;40;30,4;558;375;273;219;
02/02/2021;noFelt;40;32;568;379;278;214;
02/02/2021;noFelt;40;33,6;583;375;272;219;
02/02/2021;noFelt;40;35,2;624;389;278;219;
02/02/2021;noFelt;40;36,8;631;393;280;215;
02/02/2021;noFelt;40;38,4;647;390;275;221;
02/02/2021;noFelt;40;40;687;407;284;219;
02/02/2021;noFelt;40;41,6;681;406;284;217;
02/02/2021;noFelt;40;43,2;706;409;284;227;
02/02/2021;noFelt;40;44,8;722;421;288;219;
02/02/2021;noFelt;40;46,4;712;418;286;221;
02/02/2021;noFelt;40;48;734;424;289;229;
02/02/2021;noFelt;40;49,6;733;433;295;220;
02/02/2021;noFelt;40;51,2;713;425;289;224;
02/02/2021;noFelt;40;52,8;723;425;287;228;
02/02/2021;noFelt;40;54,4;733;439;295;222;
02/02/2021;noFelt;40;56;695;421;283;221;
02/02/2021;noFelt;40;57,6;727;432;291;227;
02/02/2021;noFelt;40;59,2;732;443;299;222;
02/02/2021;noFelt;40;60,8;699;422;286;224;
02/02/2021;noFelt;40;62,4;717;428;288;221;
02/02/2021;noFelt;40;64;722;439;297;221;
02/02/2021;noFelt;40;65,6;712;429;289;228;
02/02/2021;noFelt;40;67,2;734;437;293;222;
02/02/2021;noFelt;40;68,8;721;434;295;221;
02/02/2021;noFelt;40;70,4;732;436;295;231;
02/02/2021;noFelt;40;72;741;440;298;222;
02/02/2021;noFelt;40;73,6;714;429;292;221;
02/02/2021;noFelt;40;75,2;721;429;291;227;
02/02/2021;noFelt;40;76,8;721;433;295;218;
02/02/2021;noFelt;40;78,4;701;430;295;227;
02/02/2021;noFelt;40;80;680;418;288;221;
02/02/2021;noFelt;40;81,6;678;431;297;219;
02/02/2021;noFelt;40;83,2;636;412;288;222;
02/02/2021;noFelt;40;84,8;614;402;281;215;
02/02/2021;noFelt;40;86,4;598;407;288;212;
02/02/2021;noFelt;40;88;556;389;275;214;
02/02/2021;noFelt;40;89,6;538;386;275;208;
02/02/2021;noFelt;40;91,2;519;389;280;208;
02/02/2021;noFelt;40;92,8;496;381;276;215;
02/02/2021;noFelt;40;94,4;479;379;277;208;
02/02/2021;noFelt;40;96;455;380;278;207;
02/02/2021;noFelt;40;97,6;427;366;270;207;
02/02/2021;noFelt;40;99,2;417;366;274;200;
02/02/2021;noFelt;40;100,8;394;362;271;201;
02/02/2021;noFelt;40;102,4;374;351;266;199;
02/02/2021;noFelt;50;1,6;122;278;241;193;
02/02/2021;noFelt;50;3,2;144;272;233;198;
02/02/2021;noFelt;50;4,8;192;277;241;199;
02/02/2021;noFelt;50;6,4;214;290;248;195;
02/02/2021;noFelt;50;8;231;281;240;202;
02/02/2021;noFelt;50;9,6;263;288;246;199;
02/02/2021;noFelt;50;11,2;279;294;246;196;
02/02/2021;noFelt;50;12,8;306;293;244;203;
02/02/2021;noFelt;50;14,4;335;310;257;203;
02/02/2021;noFelt;50;16;335;309;247;202;
02/02/2021;noFelt;50;17,6;366;311;250;211;
02/02/2021;noFelt;50;19,2;379;325;258;205;
02/02/2021;noFelt;50;20,8;393;334;256;210;
02/02/2021;noFelt;50;22,4;424;334;261;212;
02/02/2021;noFelt;50;24;442;353;270;208;
02/02/2021;noFelt;50;25,6;461;356;267;218;
02/02/2021;noFelt;50;27,2;510;365;280;220;
02/02/2021;noFelt;50;28,8;512;376;276;214;
02/02/2021;noFelt;50;30,4;531;372;271;223;
02/02/2021;noFelt;50;32;573;377;281;217;
02/02/2021;noFelt;50;33,6;577;392;277;216;
02/02/2021;noFelt;50;35,2;600;383;275;223;
02/02/2021;noFelt;50;36,8;635;393;284;217;
02/02/2021;noFelt;50;38,4;632;406;278;220;
02/02/2021;noFelt;50;40;658;401;281;223;
02/02/2021;noFelt;50;41,6;686;412;290;218;
02/02/2021;noFelt;50;43,2;688;425;286;227;
02/02/2021;noFelt;50;44,8;701;411;286;223;
02/02/2021;noFelt;50;46,4;718;428;294;221;
02/02/2021;noFelt;50;48;711;436;291;231;
02/02/2021;noFelt;50;49,6;724;422;292;224;
02/02/2021;noFelt;50;51,2;720;436;295;223;
02/02/2021;noFelt;50;52,8;704;437;289;230;
02/02/2021;noFelt;50;54,4;722;429;295;226;
02/02/2021;noFelt;50;56;704;429;292;219;
02/02/2021;noFelt;50;57,6;705;439;291;231;
02/02/2021;noFelt;50;59,2;730;432;298;225;
02/02/2021;noFelt;50;60,8;705;435;292;223;
02/02/2021;noFelt;50;62,4;696;431;286;226;
02/02/2021;noFelt;50;64;726;430;298;222;
02/02/2021;noFelt;50;65,6;717;443;297;228;
02/02/2021;noFelt;50;67,2;713;432;291;227;
02/02/2021;noFelt;50;68,8;732;428;297;221;
02/02/2021;noFelt;50;70,4;735;451;300;234;
02/02/2021;noFelt;50;72;727;430;294;226;
02/02/2021;noFelt;50;73,6;727;425;297;220;
02/02/2021;noFelt;50;75,2;718;441;296;232;
02/02/2021;noFelt;50;76,8;709;421;293;222;
02/02/2021;noFelt;50;78,4;718;429;302;225;
02/02/2021;noFelt;50;80;677;425;289;226;
02/02/2021;noFelt;50;81,6;679;417;293;221;
02/02/2021;noFelt;50;83,2;654;418;293;222;
02/02/2021;noFelt;50;84,8;613;409;283;219;
02/02/2021;noFelt;50;86,4;604;395;284;212;
02/02/2021;noFelt;50;88;573;395;282;214;
02/02/2021;noFelt;50;89,6;540;388;275;212;
02/02/2021;noFelt;50;91,2;532;377;280;207;
02/02/2021;noFelt;50;92,8;515;392;283;216;
02/02/2021;noFelt;50;94,4;482;382;276;211;
02/02/2021;noFelt;50;96;470;368;281;205;
02/02/2021;noFelt;50;97,6;448;375;276;209;
02/02/2021;noFelt;50;99,2;422;364;271;202;
02/02/2021;noFelt;50;100,8;413;354;276;199;
02/02/2021;noFelt;50;102,4;392;362;269;202;
02/02/2021;noFelt;60;1,6;125;274;238;192;
02/02/2021;noFelt;60;3,2;149;267;235;195;
02/02/2021;noFelt;60;4,8;188;276;235;199;
02/02/2021;noFelt;60;6,4;225;284;247;194;
02/02/2021;noFelt;60;8;236;277;241;200;
02/02/2021;noFelt;60;9,6;259;286;239;199;
02/02/2021;noFelt;60;11,2;291;289;247;194;
02/02/2021;noFelt;60;12,8;306;290;243;202;
02/02/2021;noFelt;60;14,4;335;310;250;203;
02/02/2021;noFelt;60;16;355;305;249;199;
02/02/2021;noFelt;60;17,6;366;309;247;210;
02/02/2021;noFelt;60;19,2;389;324;253;204;
02/02/2021;noFelt;60;20,8;418;326;258;208;
02/02/2021;noFelt;60;22,4;426;331;255;212;
02/02/2021;noFelt;60;24;462;351;268;207;
02/02/2021;noFelt;60;25,6;495;351;268;215;
02/02/2021;noFelt;60;27,2;518;365;272;219;
02/02/2021;noFelt;60;28,8;552;373;277;212;
02/02/2021;noFelt;60;30,4;569;367;270;220;
02/02/2021;noFelt;60;32;585;379;273;217;
02/02/2021;noFelt;60;33,6;627;388;279;214;
02/02/2021;noFelt;60;35,2;633;381;272;221;
02/02/2021;noFelt;60;36,8;648;395;279;216;
02/02/2021;noFelt;60;38,4;691;400;279;217;
02/02/2021;noFelt;60;40;688;396;276;222;
02/02/2021;noFelt;60;41,6;705;415;287;217;
02/02/2021;noFelt;60;43,2;745;420;288;223;
02/02/2021;noFelt;60;44,8;722;409;280;222;
02/02/2021;noFelt;60;46,4;740;428;293;219;
02/02/2021;noFelt;60;48;769;428;290;228;
02/02/2021;noFelt;60;49,6;736;421;285;223;
02/02/2021;noFelt;60;51,2;748;437;295;220;
02/02/2021;noFelt;60;52,8;766;432;291;227;
02/02/2021;noFelt;60;54,4;742;425;286;225;
02/02/2021;noFelt;60;56;734;432;290;216;
02/02/2021;noFelt;60;57,6;765;435;291;229;
02/02/2021;noFelt;60;59,2;744;430;290;224;
02/02/2021;noFelt;60;60,8;741;435;292;219;
02/02/2021;noFelt;60;62,4;747;426;285;225;
02/02/2021;noFelt;60;64;736;430;288;220;
02/02/2021;noFelt;60;65,6;764;441;296;225;
02/02/2021;noFelt;60;67,2;757;429;289;225;
02/02/2021;noFelt;60;68,8;739;429;289;218;
02/02/2021;noFelt;60;70,4;787;446;300;231;
02/02/2021;noFelt;60;72;760;426;289;225;
02/02/2021;noFelt;60;73,6;733;425;289;218;
02/02/2021;noFelt;60;75,2;772;435;296;229;
02/02/2021;noFelt;60;76,8;731;416;286;220;
02/02/2021;noFelt;60;78,4;728;430;297;223;
02/02/2021;noFelt;60;80;727;420;289;224;
02/02/2021;noFelt;60;81,6;694;411;286;219;
02/02/2021;noFelt;60;83,2;669;415;290;219;
02/02/2021;noFelt;60;84,8;657;402;282;218;
02/02/2021;noFelt;60;86,4;614;391;277;210;
02/02/2021;noFelt;60;88;590;394;281;212;
02/02/2021;noFelt;60;89,6;576;383;273;210;
02/02/2021;noFelt;60;91,2;536;375;272;205;
02/02/2021;noFelt;60;92,8;533;389;282;215;
02/02/2021;noFelt;60;94,4;512;378;274;210;
02/02/2021;noFelt;60;96;473;367;273;204;
02/02/2021;noFelt;60;97,6;461;372;277;209;
02/02/2021;noFelt;60;99,2;441;359;268;203;
02/02/2021;noFelt;60;100,8;411;351;270;199;
02/02/2021;noFelt;60;102,4;402;358;270;205;
02/02/2021;noFelt;70;1,6;113;263;226;189;
02/02/2021;noFelt;70;3,2;139;257;231;196;
02/02/2021;noFelt;70;4,8;177;262;231;192;
02/02/2021;noFelt;70;6,4;203;274;233;193;
02/02/2021;noFelt;70;8;226;266;239;198;
02/02/2021;noFelt;70;9,6;246;273;232;193;
02/02/2021;noFelt;70;11,2;270;279;236;194;
02/02/2021;noFelt;70;12,8;302;278;243;198;
02/02/2021;noFelt;70;14,4;318;295;240;197;
02/02/2021;noFelt;70;16;336;292;241;201;
02/02/2021;noFelt;70;17,6;367;293;246;204;
02/02/2021;noFelt;70;19,2;372;308;241;200;
02/02/2021;noFelt;70;20,8;402;312;254;208;
02/02/2021;noFelt;70;22,4;428;315;252;205;
02/02/2021;noFelt;70;24;440;336;253;205;
02/02/2021;noFelt;70;25,6;486;337;267;214;
02/02/2021;noFelt;70;27,2;514;348;265;212;
02/02/2021;noFelt;70;28,8;519;359;264;212;
02/02/2021;noFelt;70;30,4;565;353;270;216;
02/02/2021;noFelt;70;32;581;361;263;211;
02/02/2021;noFelt;70;33,6;594;372;269;215;
02/02/2021;noFelt;70;35,2;637;365;271;215;
02/02/2021;noFelt;70;36,8;644;377;266;212;
02/02/2021;noFelt;70;38,4;657;386;275;217;
02/02/2021;noFelt;70;40;698;381;274;215;
02/02/2021;noFelt;70;41,6;692;395;272;213;
02/02/2021;noFelt;70;43,2;715;404;285;223;
02/02/2021;noFelt;70;44,8;732;391;276;215;
02/02/2021;noFelt;70;46,4;721;410;277;217;
02/02/2021;noFelt;70;48;743;413;289;225;
02/02/2021;noFelt;70;49,6;749;400;278;216;
02/02/2021;noFelt;70;51,2;726;418;281;220;
02/02/2021;noFelt;70;52,8;734;415;288;223;
02/02/2021;noFelt;70;54,4;751;407;281;217;
02/02/2021;noFelt;70;56;706;411;276;217;
02/02/2021;noFelt;70;57,6;734;417;288;223;
02/02/2021;noFelt;70;59,2;744;412;281;218;
02/02/2021;noFelt;70;60,8;701;416;279;220;
02/02/2021;noFelt;70;62,4;724;407;281;217;
02/02/2021;noFelt;70;64;732;410;278;216;
02/02/2021;noFelt;70;65,6;718;422;286;223;
02/02/2021;noFelt;70;67,2;746;410;284;217;
02/02/2021;noFelt;70;68,8;731;408;277;216;
02/02/2021;noFelt;70;70,4;741;428;293;227;
02/02/2021;noFelt;70;72;761;409;284;217;
02/02/2021;noFelt;70;73,6;723;404;277;217;
02/02/2021;noFelt;70;75,2;730;416;290;223;
02/02/2021;noFelt;70;76,8;734;396;278;214;
02/02/2021;noFelt;70;78,4;712;407;282;223;
02/02/2021;noFelt;70;80;688;400;284;217;
02/02/2021;noFelt;70;81,6;695;390;278;215;
02/02/2021;noFelt;70;83,2;642;394;277;218;
02/02/2021;noFelt;70;84,8;622;382;278;211;
02/02/2021;noFelt;70;86,4;611;371;268;208;
02/02/2021;noFelt;70;88;560;373;269;211;
02/02/2021;noFelt;70;89,6;548;364;269;204;
02/02/2021;noFelt;70;91,2;532;354;262;206;
02/02/2021;noFelt;70;92,8;501;368;274;212;
02/02/2021;noFelt;70;94,4;486;358;271;206;
02/02/2021;noFelt;70;96;463;345;263;208;
02/02/2021;noFelt;70;97,6;428;351;271;208;
02/02/2021;noFelt;70;99,2;417;340;264;202;
02/02/2021;noFelt;70;100,8;396;330;259;206;
02/02/2021;noFelt;70;102,4;367;339;268;204;
02/02/2021;noFelt;80;1,6;104;240;224;189;
02/02/2021;noFelt;80;3,2;118;249;216;184;
02/02/2021;noFelt;80;4,8;152;248;222;188;
02/02/2021;noFelt;80;6,4;180;251;230;191;
02/02/2021;noFelt;80;8;187;259;222;186;
02/02/2021;noFelt;80;9,6;213;253;227;190;
02/02/2021;noFelt;80;11,2;232;259;229;189;
02/02/2021;noFelt;80;12,8;246;270;226;187;
02/02/2021;noFelt;80;14,4;278;270;238;197;
02/02/2021;noFelt;80;16;280;276;231;192;
02/02/2021;noFelt;80;17,6;297;283;232;195;
02/02/2021;noFelt;80;19,2;322;281;241;200;
02/02/2021;noFelt;80;20,8;334;299;239;197;
02/02/2021;noFelt;80;22,4;349;301;242;199;
02/02/2021;noFelt;80;24;378;304;252;203;
02/02/2021;noFelt;80;25,6;388;325;250;201;
02/02/2021;noFelt;80;27,2;420;327;261;211;
02/02/2021;noFelt;80;28,8;439;326;259;207;
02/02/2021;noFelt;80;30,4;443;341;253;204;
02/02/2021;noFelt;80;32;475;338;262;212;
02/02/2021;noFelt;80;33,6;495;342;259;207;
02/02/2021;noFelt;80;35,2;497;355;256;205;
02/02/2021;noFelt;80;36,8;532;351;266;212;
02/02/2021;noFelt;80;38,4;541;358;260;206;
02/02/2021;noFelt;80;40;543;368;262;208;
02/02/2021;noFelt;80;41,6;577;364;271;213;
02/02/2021;noFelt;80;43,2;579;377;267;210;
02/02/2021;noFelt;80;44,8;569;378;267;211;
02/02/2021;noFelt;80;46,4;601;372;273;214;
02/02/2021;noFelt;80;48;594;390;269;211;
02/02/2021;noFelt;80;49,6;584;385;273;215;
02/02/2021;noFelt;80;51,2;607;376;273;213;
02/02/2021;noFelt;80;52,8;590;387;268;210;
02/02/2021;noFelt;80;54,4;583;390;275;217;
02/02/2021;noFelt;80;56;588;372;268;208;
02/02/2021;noFelt;80;57,6;581;394;270;211;
02/02/2021;noFelt;80;59,2;583;390;279;218;
02/02/2021;noFelt;80;60,8;583;374;267;207;
02/02/2021;noFelt;80;62,4;565;388;266;208;
02/02/2021;noFelt;80;64;578;385;277;214;
02/02/2021;noFelt;80;65,6;594;381;270;208;
02/02/2021;noFelt;80;67,2;573;393;272;212;
02/02/2021;noFelt;80;68,8;589;378;274;211;
02/02/2021;noFelt;80;70,4;605;388;273;212;
02/02/2021;noFelt;80;72;581;392;277;215;
02/02/2021;noFelt;80;73,6;588;373;270;208;
02/02/2021;noFelt;80;75,2;591;384;271;210;
02/02/2021;noFelt;80;76,8;559;381;275;214;
02/02/2021;noFelt;80;78,4;582;374;273;211;
02/02/2021;noFelt;80;80;550;373;266;208;
02/02/2021;noFelt;80;81,6;534;375;276;214;
02/02/2021;noFelt;80;83,2;532;358;264;204;
02/02/2021;noFelt;80;84,8;496;361;262;205;
02/02/2021;noFelt;80;86,4;472;355;266;206;
02/02/2021;noFelt;80;88;465;340;255;197;
02/02/2021;noFelt;80;89,6;433;345;258;202;
02/02/2021;noFelt;80;91,2;411;339;260;201;
02/02/2021;noFelt;80;92,8;415;335;257;200;
02/02/2021;noFelt;80;94,4;385;340;263;206;
02/02/2021;noFelt;80;96;362;332;259;201;
02/02/2021;noFelt;80;97,6;357;320;253;198;
02/02/2021;noFelt;80;99,2;328;326;260;204;
02/02/2021;noFelt;80;100,8;312;316;253;197;
02/02/2021;noFelt;80;102,4;306;311;251;198;
02/02/2021;noFelt;90;1,6;79;223;210;177;
02/02/2021;noFelt;90;3,2;102;226;206;174;
02/02/2021;noFelt;90;4,8;128;223;207;181;
02/02/2021;noFelt;90;6,4;146;233;218;178;
02/02/2021;noFelt;90;8;161;231;212;177;
02/02/2021;noFelt;90;9,6;172;228;210;182;
02/02/2021;noFelt;90;11,2;185;239;219;176;
02/02/2021;noFelt;90;12,8;208;239;215;179;
02/02/2021;noFelt;90;14,4;218;246;222;187;
02/02/2021;noFelt;90;16;227;252;222;180;
02/02/2021;noFelt;90;17,6;246;252;220;189;
02/02/2021;noFelt;90;19,2;247;257;227;188;
02/02/2021;noFelt;90;20,8;267;271;231;187;
02/02/2021;noFelt;90;22,4;278;268;229;193;
02/02/2021;noFelt;90;24;282;282;241;191;
02/02/2021;noFelt;90;25,6;308;291;241;193;
02/02/2021;noFelt;90;27,2;321;292;244;203;
02/02/2021;noFelt;90;28,8;325;301;249;195;
02/02/2021;noFelt;90;30,4;350;302;242;198;
02/02/2021;noFelt;90;32;355;302;245;201;
02/02/2021;noFelt;90;33,6;362;315;250;196;
02/02/2021;noFelt;90;35,2;388;312;243;200;
02/02/2021;noFelt;90;36,8;387;314;250;201;
02/02/2021;noFelt;90;38,4;396;327;250;196;
02/02/2021;noFelt;90;40;418;324;247;203;
02/02/2021;noFelt;90;41,6;415;326;256;200;
02/02/2021;noFelt;90;43,2;430;342;256;200;
02/02/2021;noFelt;90;44,8;439;331;249;204;
02/02/2021;noFelt;90;46,4;429;336;259;200;
02/02/2021;noFelt;90;48;443;349;255;204;
02/02/2021;noFelt;90;49,6;444;335;252;206;
02/02/2021;noFelt;90;51,2;431;339;260;201;
02/02/2021;noFelt;90;52,8;437;347;254;203;
02/02/2021;noFelt;90;54,4;446;339;255;208;
02/02/2021;noFelt;90;56;418;335;254;197;
02/02/2021;noFelt;90;57,6;441;349;253;206;
02/02/2021;noFelt;90;59,2;443;340;257;206;
02/02/2021;noFelt;90;60,8;419;338;252;196;
02/02/2021;noFelt;90;62,4;436;340;246;202;
02/02/2021;noFelt;90;64;437;334;256;200;
02/02/2021;noFelt;90;65,6;431;345;253;198;
02/02/2021;noFelt;90;67,2;448;341;249;204;
02/02/2021;noFelt;90;68,8;437;331;256;197;
02/02/2021;noFelt;90;70,4;444;354;256;204;
02/02/2021;noFelt;90;72;458;340;252;205;
02/02/2021;noFelt;90;73,6;435;327;252;196;
02/02/2021;noFelt;90;75,2;439;346;250;204;
02/02/2021;noFelt;90;76,8;443;330;250;200;
02/02/2021;noFelt;90;78,4;425;331;255;197;
02/02/2021;noFelt;90;80;416;335;245;199;
02/02/2021;noFelt;90;81,6;417;322;255;196;
02/02/2021;noFelt;90;83,2;387;319;249;190;
02/02/2021;noFelt;90;84,8;379;319;242;193;
02/02/2021;noFelt;90;86,4;372;306;248;188;
02/02/2021;noFelt;90;88;343;304;240;185;
02/02/2021;noFelt;90;89,6;335;306;238;188;
02/02/2021;noFelt;90;91,2;326;293;244;182;
02/02/2021;noFelt;90;92,8;308;301;241;187;
02/02/2021;noFelt;90;94,4;305;301;241;189;
02/02/2021;noFelt;90;96;291;285;245;182;
02/02/2021;noFelt;90;97,6;273;287;238;184;
02/02/2021;noFelt;90;99,2;270;285;240;184;
02/02/2021;noFelt;90;100,8;252;272;239;178;
02/02/2021;noFelt;90;102,4;238;278;234;184;
02/02/2021;noFelt;95;1,6;57;218;203;172;
02/02/2021;noFelt;95;3,2;75;213;200;175;
02/02/2021;noFelt;95;4,8;111;223;209;170;
02/02/2021;noFelt;95;6,4;135;221;206;174;
02/02/2021;noFelt;95;8;141;220;208;176;
02/02/2021;noFelt;95;9,6;158;229;211;172;
02/02/2021;noFelt;95;11,2;174;225;208;177;
02/02/2021;noFelt;95;12,8;182;234;216;177;
02/02/2021;noFelt;95;14,4;204;245;221;179;
02/02/2021;noFelt;95;16;208;237;213;184;
02/02/2021;noFelt;95;17,6;217;252;225;184;
02/02/2021;noFelt;95;19,2;236;253;222;184;
02/02/2021;noFelt;95;20,8;243;255;224;190;
02/02/2021;noFelt;95;22,4;251;269;234;185;
02/02/2021;noFelt;95;24;271;270;232;189;
02/02/2021;noFelt;95;25,6;276;276;238;194;
02/02/2021;noFelt;95;27,2;297;294;247;193;
02/02/2021;noFelt;95;28,8;309;286;238;197;
02/02/2021;noFelt;95;30,4;308;292;244;196;
02/02/2021;noFelt;95;32;329;302;244;194;
02/02/2021;noFelt;95;33,6;344;296;239;199;
02/02/2021;noFelt;95;35,2;344;304;248;195;
02/02/2021;noFelt;95;36,8;367;312;245;195;
02/02/2021;noFelt;95;38,4;373;305;242;199;
02/02/2021;noFelt;95;40;376;317;252;195;
02/02/2021;noFelt;95;41,6;400;321;247;197;
02/02/2021;noFelt;95;43,2;402;319;251;203;
02/02/2021;noFelt;95;44,8;394;326;254;195;
02/02/2021;noFelt;95;46,4;415;329;248;201;
02/02/2021;noFelt;95;48;412;325;255;203;
02/02/2021;noFelt;95;49,6;404;335;253;197;
02/02/2021;noFelt;95;51,2;419;330;248;203;
02/02/2021;noFelt;95;52,8;409;324;253;202;
02/02/2021;noFelt;95;54,4;404;334;255;199;
02/02/2021;noFelt;95;56;411;322;243;200;
02/02/2021;noFelt;95;57,6;409;326;256;201;
02/02/2021;noFelt;95;59,2;410;336;252;199;
02/02/2021;noFelt;95;60,8;413;321;242;200;
02/02/2021;noFelt;95;62,4;401;319;250;194;
02/02/2021;noFelt;95;64;410;334;246;197;
02/02/2021;noFelt;95;65,6;423;324;247;200;
02/02/2021;noFelt;95;67,2;411;324;253;195;
02/02/2021;noFelt;95;68,8;421;329;244;199;
02/02/2021;noFelt;95;70,4;438;327;254;203;
02/02/2021;noFelt;95;72;419;327;251;196;
02/02/2021;noFelt;95;73,6;424;324;240;198;
02/02/2021;noFelt;95;75,2;430;321;252;199;
02/02/2021;noFelt;95;76,8;409;321;245;194;
02/02/2021;noFelt;95;78,4;424;326;245;201;
02/02/2021;noFelt;95;80;402;309;250;191;
02/02/2021;noFelt;95;81,6;388;320;246;192;
02/02/2021;noFelt;95;83,2;389;311;242;191;
02/02/2021;noFelt;95;84,8;364;299;246;182;
02/02/2021;noFelt;95;86,4;348;306;238;183;
02/02/2021;noFelt;95;88;345;294;237;183;
02/02/2021;noFelt;95;89,6;322;287;240;178;
02/02/2021;noFelt;95;91,2;307;293;233;183;
02/02/2021;noFelt;95;92,8;314;288;242;184;
02/02/2021;noFelt;95;94,4;292;282;242;180;
02/02/2021;noFelt;95;96;279;285;234;183;
02/02/2021;noFelt;95;97,6;277;275;240;178;
02/02/2021;noFelt;95;99,2;255;270;237;175;
02/02/2021;noFelt;95;100,8;246;272;230;177;
02/02/2021;noFelt;95;102,4;239;261;238;171;
02/02/2021;BlackFelt;5;1,6;0;0;1;0;
02/02/2021;BlackFelt;5;3,2;0;0;1;0;
02/02/2021;BlackFelt;5;4,8;0;0;1;1;
02/02/2021;BlackFelt;5;6,4;2;1;8;1;
02/02/2021;BlackFelt;5;8;33;15;106;39;
02/02/2021;BlackFelt;5;9,6;100;140;119;82;
02/02/2021;BlackFelt;5;11,2;122;157;119;84;
02/02/2021;BlackFelt;5;12,8;140;158;121;83;
02/02/2021;BlackFelt;5;14,4;150;166;128;87;
02/02/2021;BlackFelt;5;16;157;170;124;86;
02/02/2021;BlackFelt;5;17,6;174;172;128;86;
02/02/2021;BlackFelt;5;19,2;178;179;132;90;
02/02/2021;BlackFelt;5;20,8;193;186;132;90;
02/02/2021;BlackFelt;5;22,4;206;186;137;90;
02/02/2021;BlackFelt;5;24;213;196;140;94;
02/02/2021;BlackFelt;5;25,6;234;201;140;94;
02/02/2021;BlackFelt;5;27,2;247;204;148;97;
02/02/2021;BlackFelt;5;28,8;251;212;145;97;
02/02/2021;BlackFelt;5;30,4;271;209;145;95;
02/02/2021;BlackFelt;5;32;276;213;151;98;
02/02/2021;BlackFelt;5;33,6;286;220;147;98;
02/02/2021;BlackFelt;5;35,2;302;216;150;96;
02/02/2021;BlackFelt;5;36,8;305;223;154;100;
02/02/2021;BlackFelt;5;38,4;317;227;151;99;
02/02/2021;BlackFelt;5;40;331;225;155;98;
02/02/2021;BlackFelt;5;41,6;330;233;157;102;
02/02/2021;BlackFelt;5;43,2;342;237;156;101;
02/02/2021;BlackFelt;5;44,8;342;232;159;101;
02/02/2021;BlackFelt;5;46,4;339;243;160;104;
02/02/2021;BlackFelt;5;48;350;243;159;103;
02/02/2021;BlackFelt;5;49,6;345;240;163;104;
02/02/2021;BlackFelt;5;51,2;337;247;160;104;
02/02/2021;BlackFelt;5;52,8;343;243;159;102;
02/02/2021;BlackFelt;5;54,4;341;243;164;105;
02/02/2021;BlackFelt;5;56;325;244;157;102;
02/02/2021;BlackFelt;5;57,6;339;243;161;103;
02/02/2021;BlackFelt;5;59,2;335;245;165;107;
02/02/2021;BlackFelt;5;60,8;321;242;157;103;
02/02/2021;BlackFelt;5;62,4;324;236;160;102;
02/02/2021;BlackFelt;5;64;321;242;162;106;
02/02/2021;BlackFelt;5;65,6;317;242;159;104;
02/02/2021;BlackFelt;5;67,2;321;237;163;104;
02/02/2021;BlackFelt;5;68,8;309;240;160;105;
02/02/2021;BlackFelt;5;70,4;312;241;161;105;
02/02/2021;BlackFelt;5;72;308;235;163;105;
02/02/2021;BlackFelt;5;73,6;294;234;156;104;
02/02/2021;BlackFelt;5;75,2;296;232;158;104;
02/02/2021;BlackFelt;5;76,8;290;229;159;105;
02/02/2021;BlackFelt;5;78,4;281;232;156;104;
02/02/2021;BlackFelt;5;80;274;221;155;101;
02/02/2021;BlackFelt;5;81,6;267;223;156;105;
02/02/2021;BlackFelt;5;83,2;250;216;149;101;
02/02/2021;BlackFelt;5;84,8;241;207;150;99;
02/02/2021;BlackFelt;5;86,4;230;207;147;101;
02/02/2021;BlackFelt;5;88;215;199;141;96;
02/02/2021;BlackFelt;5;89,6;208;194;144;97;
02/02/2021;BlackFelt;5;91,2;196;194;140;97;
02/02/2021;BlackFelt;5;92,8;189;190;140;96;
02/02/2021;BlackFelt;5;94,4;180;184;141;97;
02/02/2021;BlackFelt;5;96;167;183;136;96;
02/02/2021;BlackFelt;5;97,6;156;174;134;94;
02/02/2021;BlackFelt;5;99,2;147;171;136;95;
02/02/2021;BlackFelt;5;100,8;133;167;129;93;
02/02/2021;BlackFelt;5;102,4;126;161;130;92;
02/02/2021;BlackFelt;10;1,6;0;0;1;0;
02/02/2021;BlackFelt;10;3,2;0;0;1;0;
02/02/2021;BlackFelt;10;4,8;0;0;2;0;
02/02/2021;BlackFelt;10;6,4;0;1;53;1;
02/02/2021;BlackFelt;10;8;1;3;119;2;
02/02/2021;BlackFelt;10;9,6;18;69;119;38;
02/02/2021;BlackFelt;10;11,2;129;155;125;82;
02/02/2021;BlackFelt;10;12,8;153;165;125;86;
02/02/2021;BlackFelt;10;14,4;170;175;128;90;
02/02/2021;BlackFelt;10;16;174;172;131;86;
02/02/2021;BlackFelt;10;17,6;196;183;131;90;
02/02/2021;BlackFelt;10;19,2;204;187;134;91;
02/02/2021;BlackFelt;10;20,8;217;189;140;91;
02/02/2021;BlackFelt;10;22,4;238;201;138;95;
02/02/2021;BlackFelt;10;24;246;202;144;95;
02/02/2021;BlackFelt;10;25,6;265;208;147;96;
02/02/2021;BlackFelt;10;27,2;291;221;148;102;
02/02/2021;BlackFelt;10;28,8;293;215;152;98;
02/02/2021;BlackFelt;10;30,4;311;220;151;99;
02/02/2021;BlackFelt;10;32;327;226;151;101;
02/02/2021;BlackFelt;10;33,6;333;223;156;99;
02/02/2021;BlackFelt;10;35,2;353;231;153;101;
02/02/2021;BlackFelt;10;36,8;366;234;156;102;
02/02/2021;BlackFelt;10;38,4;368;232;160;100;
02/02/2021;BlackFelt;10;40;388;242;157;104;
02/02/2021;BlackFelt;10;41,6;392;242;161;103;
02/02/2021;BlackFelt;10;43,2;397;245;166;103;
02/02/2021;BlackFelt;10;44,8;406;251;160;105;
02/02/2021;BlackFelt;10;46,4;405;249;167;104;
02/02/2021;BlackFelt;10;48;406;255;168;106;
02/02/2021;BlackFelt;10;49,6;413;258;164;107;
02/02/2021;BlackFelt;10;51,2;403;253;170;105;
02/02/2021;BlackFelt;10;52,8;399;256;168;105;
02/02/2021;BlackFelt;10;54,4;407;261;166;108;
02/02/2021;BlackFelt;10;56;389;249;168;103;
02/02/2021;BlackFelt;10;57,6;394;260;167;107;
02/02/2021;BlackFelt;10;59,2;402;260;168;108;
02/02/2021;BlackFelt;10;60,8;385;249;168;103;
02/02/2021;BlackFelt;10;62,4;387;256;164;106;
02/02/2021;BlackFelt;10;64;395;254;168;107;
02/02/2021;BlackFelt;10;65,6;383;252;169;105;
02/02/2021;BlackFelt;10;67,2;387;258;166;108;
02/02/2021;BlackFelt;10;68,8;386;249;169;105;
02/02/2021;BlackFelt;10;70,4;386;255;170;108;
02/02/2021;BlackFelt;10;72;383;253;166;109;
02/02/2021;BlackFelt;10;73,6;371;241;167;104;
02/02/2021;BlackFelt;10;75,2;367;248;166;107;
02/02/2021;BlackFelt;10;76,8;362;244;163;106;
02/02/2021;BlackFelt;10;78,4;356;239;168;105;
02/02/2021;BlackFelt;10;80;341;239;160;105;
02/02/2021;BlackFelt;10;81,6;337;235;162;105;
02/02/2021;BlackFelt;10;83,2;315;225;160;102;
02/02/2021;BlackFelt;10;84,8;301;225;154;103;
02/02/2021;BlackFelt;10;86,4;290;216;155;101;
02/02/2021;BlackFelt;10;88;271;209;151;98;
02/02/2021;BlackFelt;10;89,6;259;209;147;100;
02/02/2021;BlackFelt;10;91,2;249;200;149;97;
02/02/2021;BlackFelt;10;92,8;236;201;148;98;
02/02/2021;BlackFelt;10;94,4;223;199;145;100;
02/02/2021;BlackFelt;10;96;210;188;146;96;
02/02/2021;BlackFelt;10;97,6;193;186;141;96;
02/02/2021;BlackFelt;10;99,2;183;182;139;97;
02/02/2021;BlackFelt;10;100,8;169;173;139;93;
02/02/2021;BlackFelt;10;102,4;158;174;135;95;
02/02/2021;BlackFelt;20;1,6;0;0;0;17;
02/02/2021;BlackFelt;20;3,2;0;0;0;18;
02/02/2021;BlackFelt;20;4,8;1;1;0;11;
02/02/2021;BlackFelt;20;6,4;1;3;1;70;
02/02/2021;BlackFelt;20;8;1;113;6;84;
02/02/2021;BlackFelt;20;9,6;2;176;81;88;
02/02/2021;BlackFelt;20;11,2;58;178;131;92;
02/02/2021;BlackFelt;20;12,8;197;191;134;90;
02/02/2021;BlackFelt;20;14,4;218;197;137;94;
02/02/2021;BlackFelt;20;16;240;196;141;94;
02/02/2021;BlackFelt;20;17,6;257;212;141;94;
02/02/2021;BlackFelt;20;19,2;272;211;145;97;
02/02/2021;BlackFelt;20;20,8;304;220;151;98;
02/02/2021;BlackFelt;20;22,4;315;231;149;98;
02/02/2021;BlackFelt;20;24;338;231;156;103;
02/02/2021;BlackFelt;20;25,6;376;243;160;103;
02/02/2021;BlackFelt;20;27,2;393;254;161;105;
02/02/2021;BlackFelt;20;28,8;415;249;165;107;
02/02/2021;BlackFelt;20;30,4;442;261;163;104;
02/02/2021;BlackFelt;20;32;450;262;164;107;
02/02/2021;BlackFelt;20;33,6;479;262;170;107;
02/02/2021;BlackFelt;20;35,2;501;274;166;105;
02/02/2021;BlackFelt;20;36,8;508;273;170;109;
02/02/2021;BlackFelt;20;38,4;537;276;174;108;
02/02/2021;BlackFelt;20;40;550;289;171;107;
02/02/2021;BlackFelt;20;41,6;555;285;177;112;
02/02/2021;BlackFelt;20;43,2;590;294;180;111;
02/02/2021;BlackFelt;20;44,8;579;299;175;109;
02/02/2021;BlackFelt;20;46,4;582;295;183;114;
02/02/2021;BlackFelt;20;48;611;307;183;112;
02/02/2021;BlackFelt;20;49,6;590;307;180;112;
02/02/2021;BlackFelt;20;51,2;588;303;186;114;
02/02/2021;BlackFelt;20;52,8;605;309;183;112;
02/02/2021;BlackFelt;20;54,4;595;316;182;113;
02/02/2021;BlackFelt;20;56;575;300;184;112;
02/02/2021;BlackFelt;20;57,6;604;315;184;112;
02/02/2021;BlackFelt;20;59,2;591;316;185;115;
02/02/2021;BlackFelt;20;60,8;579;304;185;112;
02/02/2021;BlackFelt;20;62,4;591;311;180;110;
02/02/2021;BlackFelt;20;64;583;311;185;115;
02/02/2021;BlackFelt;20;65,6;589;306;186;113;
02/02/2021;BlackFelt;20;67,2;598;315;182;112;
02/02/2021;BlackFelt;20;68,8;582;308;186;114;
02/02/2021;BlackFelt;20;70,4;601;311;187;114;
02/02/2021;BlackFelt;20;72;590;312;183;114;
02/02/2021;BlackFelt;20;73,6;569;299;184;113;
02/02/2021;BlackFelt;20;75,2;582;301;182;112;
02/02/2021;BlackFelt;20;76,8;570;303;180;113;
02/02/2021;BlackFelt;20;78,4;559;295;184;113;
02/02/2021;BlackFelt;20;80;549;290;176;110;
02/02/2021;BlackFelt;20;81,6;534;293;179;113;
02/02/2021;BlackFelt;20;83,2;506;278;175;109;
02/02/2021;BlackFelt;20;84,8;492;275;169;106;
02/02/2021;BlackFelt;20;86,4;465;271;171;109;
02/02/2021;BlackFelt;20;88;435;257;165;104;
02/02/2021;BlackFelt;20;89,6;419;258;161;104;
02/02/2021;BlackFelt;20;91,2;393;251;165;105;
02/02/2021;BlackFelt;20;92,8;376;246;162;103;
02/02/2021;BlackFelt;20;94,4;360;246;159;104;
02/02/2021;BlackFelt;20;96;331;236;160;103;
02/02/2021;BlackFelt;20;97,6;309;227;154;100;
02/02/2021;BlackFelt;20;99,2;293;227;153;101;
02/02/2021;BlackFelt;20;100,8;268;214;153;100;
02/02/2021;BlackFelt;20;102,4;256;212;148;98;
02/02/2021;BlackFelt;30;1,6;0;0;0;2;
02/02/2021;BlackFelt;30;3,2;0;0;0;2;
02/02/2021;BlackFelt;30;4,8;1;1;0;1;
02/02/2021;BlackFelt;30;6,4;1;10;0;1;
02/02/2021;BlackFelt;30;8;1;165;0;1;
02/02/2021;BlackFelt;30;9,6;3;189;1;4;
02/02/2021;BlackFelt;30;11,2;91;194;3;57;
02/02/2021;BlackFelt;30;12,8;227;199;54;96;
02/02/2021;BlackFelt;30;14,4;257;216;145;98;
02/02/2021;BlackFelt;30;16;263;213;145;97;
02/02/2021;BlackFelt;30;17,6;293;222;151;101;
02/02/2021;BlackFelt;30;19,2;315;234;156;99;
02/02/2021;BlackFelt;30;20,8;331;236;155;103;
02/02/2021;BlackFelt;30;22,4;365;245;161;105;
02/02/2021;BlackFelt;30;24;385;257;164;104;
02/02/2021;BlackFelt;30;25,6;408;259;165;109;
02/02/2021;BlackFelt;30;27,2;454;276;175;110;
02/02/2021;BlackFelt;30;28,8;463;275;171;108;
02/02/2021;BlackFelt;30;30,4;481;275;171;112;
02/02/2021;BlackFelt;30;32;523;290;178;110;
02/02/2021;BlackFelt;30;33,6;529;288;174;111;
02/02/2021;BlackFelt;30;35,2;551;291;177;114;
02/02/2021;BlackFelt;30;36,8;585;306;183;111;
02/02/2021;BlackFelt;30;38,4;586;302;178;113;
02/02/2021;BlackFelt;30;40;612;309;184;115;
02/02/2021;BlackFelt;30;41,6;636;321;187;113;
02/02/2021;BlackFelt;30;43,2;636;319;185;118;
02/02/2021;BlackFelt;30;44,8;650;322;190;116;
02/02/2021;BlackFelt;30;46,4;666;335;190;115;
02/02/2021;BlackFelt;30;48;662;332;190;121;
02/02/2021;BlackFelt;30;49,6;672;337;194;117;
02/02/2021;BlackFelt;30;51,2;674;342;191;117;
02/02/2021;BlackFelt;30;52,8;660;336;190;121;
02/02/2021;BlackFelt;30;54,4;677;342;197;118;
02/02/2021;BlackFelt;30;56;661;338;188;115;
02/02/2021;BlackFelt;30;57,6;665;339;193;121;
02/02/2021;BlackFelt;30;59,2;684;349;198;118;
02/02/2021;BlackFelt;30;60,8;663;341;188;117;
02/02/2021;BlackFelt;30;62,4;657;336;192;118;
02/02/2021;BlackFelt;30;64;680;346;194;116;
02/02/2021;BlackFelt;30;65,6;671;344;190;120;
02/02/2021;BlackFelt;30;67,2;669;338;196;119;
02/02/2021;BlackFelt;30;68,8;680;346;191;116;
02/02/2021;BlackFelt;30;70,4;682;345;194;123;
02/02/2021;BlackFelt;30;72;672;339;196;118;
02/02/2021;BlackFelt;30;73,6;667;338;187;115;
02/02/2021;BlackFelt;30;75,2;661;334;190;121;
02/02/2021;BlackFelt;30;76,8;652;329;191;115;
02/02/2021;BlackFelt;30;78,4;651;336;186;118;
02/02/2021;BlackFelt;30;80;619;320;186;117;
02/02/2021;BlackFelt;30;81,6;613;321;186;115;
02/02/2021;BlackFelt;30;83,2;584;317;178;115;
02/02/2021;BlackFelt;30;84,8;554;301;179;113;
02/02/2021;BlackFelt;30;86,4;537;298;175;110;
02/02/2021;BlackFelt;30;88;506;291;168;111;
02/02/2021;BlackFelt;30;89,6;478;280;172;109;
02/02/2021;BlackFelt;30;91,2;458;280;167;106;
02/02/2021;BlackFelt;30;92,8;440;278;167;111;
02/02/2021;BlackFelt;30;94,4;410;267;169;107;
02/02/2021;BlackFelt;30;96;389;266;161;105;
02/02/2021;BlackFelt;30;97,6;363;257;159;108;
02/02/2021;BlackFelt;30;99,2;336;248;161;104;
02/02/2021;BlackFelt;30;100,8;318;246;153;103;
02/02/2021;BlackFelt;30;102,4;298;238;156;104;
02/02/2021;BlackFelt;40;1,6;0;0;0;12;
02/02/2021;BlackFelt;40;3,2;0;0;0;7;
02/02/2021;BlackFelt;40;4,8;0;1;0;2;
02/02/2021;BlackFelt;40;6,4;0;4;0;1;
02/02/2021;BlackFelt;40;8;1;62;2;1;
02/02/2021;BlackFelt;40;9,6;5;169;31;1;
02/02/2021;BlackFelt;40;11,2;151;197;123;1;
02/02/2021;BlackFelt;40;12,8;237;209;149;6;
02/02/2021;BlackFelt;40;14,4;254;221;151;93;
02/02/2021;BlackFelt;40;16;270;217;151;98;
02/02/2021;BlackFelt;40;17,6;296;233;159;104;
02/02/2021;BlackFelt;40;19,2;303;236;156;103;
02/02/2021;BlackFelt;40;20,8;331;241;163;104;
02/02/2021;BlackFelt;40;22,4;355;257;167;109;
02/02/2021;BlackFelt;40;24;368;259;166;107;
02/02/2021;BlackFelt;40;25,6;407;268;176;110;
02/02/2021;BlackFelt;40;27,2;434;284;178;115;
02/02/2021;BlackFelt;40;28,8;441;279;176;111;
02/02/2021;BlackFelt;40;30,4;476;288;183;114;
02/02/2021;BlackFelt;40;32;493;298;180;114;
02/02/2021;BlackFelt;40;33,6;508;294;182;112;
02/02/2021;BlackFelt;40;35,2;545;304;188;117;
02/02/2021;BlackFelt;40;36,8;553;311;184;115;
02/02/2021;BlackFelt;40;38,4;570;308;188;115;
02/02/2021;BlackFelt;40;40;606;324;192;119;
02/02/2021;BlackFelt;40;41,6;604;326;189;117;
02/02/2021;BlackFelt;40;43,2;627;327;198;119;
02/02/2021;BlackFelt;40;44,8;642;334;195;121;
02/02/2021;BlackFelt;40;46,4;634;339;194;118;
02/02/2021;BlackFelt;40;48;656;340;204;122;
02/02/2021;BlackFelt;40;49,6;658;347;197;122;
02/02/2021;BlackFelt;40;51,2;641;344;197;119;
02/02/2021;BlackFelt;40;52,8;652;342;204;122;
02/02/2021;BlackFelt;40;54,4;663;356;200;123;
02/02/2021;BlackFelt;40;56;630;341;195;117;
02/02/2021;BlackFelt;40;57,6;658;349;206;124;
02/02/2021;BlackFelt;40;59,2;661;359;200;122;
02/02/2021;BlackFelt;40;60,8;632;341;198;118;
02/02/2021;BlackFelt;40;62,4;651;342;201;122;
02/02/2021;BlackFelt;40;64;652;354;197;119;
02/02/2021;BlackFelt;40;65,6;645;344;203;120;
02/02/2021;BlackFelt;40;67,2;663;347;201;122;
02/02/2021;BlackFelt;40;68,8;648;349;196;118;
02/02/2021;BlackFelt;40;70,4;660;348;207;123;
02/02/2021;BlackFelt;40;72;666;348;198;122;
02/02/2021;BlackFelt;40;73,6;637;340;194;116;
02/02/2021;BlackFelt;40;75,2;644;336;202;122;
02/02/2021;BlackFelt;40;76,8;642;338;192;118;
02/02/2021;BlackFelt;40;78,4;624;335;196;118;
02/02/2021;BlackFelt;40;80;606;322;194;119;
02/02/2021;BlackFelt;40;81,6;602;328;189;116;
02/02/2021;BlackFelt;40;83,2;566;314;189;114;
02/02/2021;BlackFelt;40;84,8;546;301;185;115;
02/02/2021;BlackFelt;40;86,4;528;306;178;111;
02/02/2021;BlackFelt;40;88;487;289;179;110;
02/02/2021;BlackFelt;40;89,6;473;282;175;111;
02/02/2021;BlackFelt;40;91,2;452;283;171;107;
02/02/2021;BlackFelt;40;92,8;428;276;177;111;
02/02/2021;BlackFelt;40;94,4;412;268;170;109;
02/02/2021;BlackFelt;40;96;386;267;167;106;
02/02/2021;BlackFelt;40;97,6;359;254;169;108;
02/02/2021;BlackFelt;40;99,2;346;250;162;106;
02/02/2021;BlackFelt;40;100,8;323;244;160;103;
02/02/2021;BlackFelt;40;102,4;303;235;162;106;
02/02/2021;BlackFelt;50;1,6;0;0;0;0;
02/02/2021;BlackFelt;50;3,2;0;0;1;0;
02/02/2021;BlackFelt;50;4,8;0;0;2;0;
02/02/2021;BlackFelt;50;6,4;0;1;53;0;
02/02/2021;BlackFelt;50;8;2;10;136;0;
02/02/2021;BlackFelt;50;9,6;67;166;142;1;
02/02/2021;BlackFelt;50;11,2;215;200;149;1;
02/02/2021;BlackFelt;50;12,8;228;215;147;16;
02/02/2021;BlackFelt;50;14,4;253;222;154;100;
02/02/2021;BlackFelt;50;16;267;221;155;99;
02/02/2021;BlackFelt;50;17,6;279;241;155;104;
02/02/2021;BlackFelt;50;19,2;305;239;161;105;
02/02/2021;BlackFelt;50;20,8;326;249;165;104;
02/02/2021;BlackFelt;50;22,4;339;263;164;109;
02/02/2021;BlackFelt;50;24;376;263;174;109;
02/02/2021;BlackFelt;50;25,6;396;279;175;110;
02/02/2021;BlackFelt;50;27,2;421;291;179;116;
02/02/2021;BlackFelt;50;28,8;452;283;184;112;
02/02/2021;BlackFelt;50;30,4;460;299;180;114;
02/02/2021;BlackFelt;50;32;483;303;184;116;
02/02/2021;BlackFelt;50;33,6;521;299;188;113;
02/02/2021;BlackFelt;50;35,2;525;315;184;116;
02/02/2021;BlackFelt;50;36,8;548;319;191;118;
02/02/2021;BlackFelt;50;38,4;581;317;193;115;
02/02/2021;BlackFelt;50;40;578;334;190;120;
02/02/2021;BlackFelt;50;41,6;602;334;198;119;
02/02/2021;BlackFelt;50;43,2;632;340;199;120;
02/02/2021;BlackFelt;50;44,8;615;349;195;122;
02/02/2021;BlackFelt;50;46,4;640;346;204;120;
02/02/2021;BlackFelt;50;48;658;353;202;122;
02/02/2021;BlackFelt;50;49,6;635;359;201;124;
02/02/2021;BlackFelt;50;51,2;653;352;207;121;
02/02/2021;BlackFelt;50;52,8;657;353;203;122;
02/02/2021;BlackFelt;50;54,4;639;367;204;125;
02/02/2021;BlackFelt;50;56;641;347;204;119;
02/02/2021;BlackFelt;50;57,6;657;359;203;124;
02/02/2021;BlackFelt;50;59,2;644;367;207;125;
02/02/2021;BlackFelt;50;60,8;651;348;203;119;
02/02/2021;BlackFelt;50;62,4;644;353;199;123;
02/02/2021;BlackFelt;50;64;640;359;207;123;
02/02/2021;BlackFelt;50;65,6;665;353;205;121;
02/02/2021;BlackFelt;50;67,2;652;361;201;125;
02/02/2021;BlackFelt;50;68,8;642;355;206;121;
02/02/2021;BlackFelt;50;70,4;680;356;205;124;
02/02/2021;BlackFelt;50;72;652;358;202;125;
02/02/2021;BlackFelt;50;73,6;641;346;202;118;
02/02/2021;BlackFelt;50;75,2;664;345;199;122;
02/02/2021;BlackFelt;50;76,8;630;348;198;121;
02/02/2021;BlackFelt;50;78,4;633;341;201;119;
02/02/2021;BlackFelt;50;80;619;331;192;120;
02/02/2021;BlackFelt;50;81,6;594;338;197;120;
02/02/2021;BlackFelt;50;83,2;579;322;191;115;
02/02/2021;BlackFelt;50;84,8;556;313;184;117;
02/02/2021;BlackFelt;50;86,4;519;313;188;114;
02/02/2021;BlackFelt;50;88;502;297;179;110;
02/02/2021;BlackFelt;50;89,6;481;292;177;113;
02/02/2021;BlackFelt;50;91,2;447;291;180;109;
02/02/2021;BlackFelt;50;92,8;442;282;176;111;
02/02/2021;BlackFelt;50;94,4;417;278;174;112;
02/02/2021;BlackFelt;50;96;384;274;175;108;
02/02/2021;BlackFelt;50;97,6;374;258;168;108;
02/02/2021;BlackFelt;50;99,2;350;257;168;109;
02/02/2021;BlackFelt;50;100,8;322;249;166;104;
02/02/2021;BlackFelt;50;102,4;318;240;161;107;
02/02/2021;BlackFelt;60;1,6;0;0;1;1;
02/02/2021;BlackFelt;60;3,2;0;2;1;0;
02/02/2021;BlackFelt;60;4,8;0;32;1;1;
02/02/2021;BlackFelt;60;6,4;0;116;0;0;
02/02/2021;BlackFelt;60;8;2;185;1;1;
02/02/2021;BlackFelt;60;9,6;73;194;1;1;
02/02/2021;BlackFelt;60;11,2;216;196;5;13;
02/02/2021;BlackFelt;60;12,8;231;210;104;93;
02/02/2021;BlackFelt;60;14,4;262;217;151;99;
02/02/2021;BlackFelt;60;16;272;216;148;100;
02/02/2021;BlackFelt;60;17,6;288;234;158;103;
02/02/2021;BlackFelt;60;19,2;319;234;157;101;
02/02/2021;BlackFelt;60;20,8;334;243;159;106;
02/02/2021;BlackFelt;60;22,4;352;257;168;106;
02/02/2021;BlackFelt;60;24;393;257;166;106;
02/02/2021;BlackFelt;60;25,6;409;271;172;113;
02/02/2021;BlackFelt;60;27,2;444;285;180;112;
02/02/2021;BlackFelt;60;28,8;477;279;174;111;
02/02/2021;BlackFelt;60;30,4;482;292;180;115;
02/02/2021;BlackFelt;60;32;514;298;182;112;
02/02/2021;BlackFelt;60;33,6;544;296;179;114;
02/02/2021;BlackFelt;60;35,2;544;309;187;116;
02/02/2021;BlackFelt;60;36,8;578;311;187;114;
02/02/2021;BlackFelt;60;38,4;600;311;185;118;
02/02/2021;BlackFelt;60;40;600;329;194;118;
02/02/2021;BlackFelt;60;41,6;633;326;191;116;
02/02/2021;BlackFelt;60;43,2;654;332;194;122;
02/02/2021;BlackFelt;60;44,8;637;342;198;118;
02/02/2021;BlackFelt;60;46,4;672;339;195;119;
02/02/2021;BlackFelt;60;48;676;346;201;124;
02/02/2021;BlackFelt;60;49,6;660;353;201;120;
02/02/2021;BlackFelt;60;51,2;686;346;197;120;
02/02/2021;BlackFelt;60;52,8;681;347;202;123;
02/02/2021;BlackFelt;60;54,4;667;360;204;120;
02/02/2021;BlackFelt;60;56;678;342;195;119;
02/02/2021;BlackFelt;60;57,6;681;353;206;124;
02/02/2021;BlackFelt;60;59,2;672;362;204;120;
02/02/2021;BlackFelt;60;60,8;681;343;196;121;
02/02/2021;BlackFelt;60;62,4;665;349;203;120;
02/02/2021;BlackFelt;60;64;668;355;200;119;
02/02/2021;BlackFelt;60;65,6;694;346;200;123;
02/02/2021;BlackFelt;60;67,2;671;356;205;121;
02/02/2021;BlackFelt;60;68,8;672;349;197;119;
02/02/2021;BlackFelt;60;70,4;704;349;204;125;
02/02/2021;BlackFelt;60;72;670;353;202;120;
02/02/2021;BlackFelt;60;73,6;667;338;193;118;
02/02/2021;BlackFelt;60;75,2;682;339;201;123;
02/02/2021;BlackFelt;60;76,8;642;342;196;117;
02/02/2021;BlackFelt;60;78,4;657;335;193;120;
02/02/2021;BlackFelt;60;80;634;323;196;118;
02/02/2021;BlackFelt;60;81,6;608;333;191;116;
02/02/2021;BlackFelt;60;83,2;599;314;186;117;
02/02/2021;BlackFelt;60;84,8;568;306;188;114;
02/02/2021;BlackFelt;60;86,4;535;309;180;111;
02/02/2021;BlackFelt;60;88;525;291;177;113;
02/02/2021;BlackFelt;60;89,6;494;288;178;109;
02/02/2021;BlackFelt;60;91,2;463;288;171;108;
02/02/2021;BlackFelt;60;92,8;463;279;176;112;
02/02/2021;BlackFelt;60;94,4;428;276;175;108;
02/02/2021;BlackFelt;60;96;399;272;167;107;
02/02/2021;BlackFelt;60;97,6;391;256;169;109;
02/02/2021;BlackFelt;60;99,2;359;255;166;105;
02/02/2021;BlackFelt;60;100,8;336;247;160;105;
02/02/2021;BlackFelt;60;102,4;331;238;164;106;
02/02/2021;BlackFelt;70;1,6;0;0;0;1;
02/02/2021;BlackFelt;70;3,2;0;0;0;13;
02/02/2021;BlackFelt;70;4,8;0;4;0;69;
02/02/2021;BlackFelt;70;6,4;0;51;1;85;
02/02/2021;BlackFelt;70;8;1;152;20;93;
02/02/2021;BlackFelt;70;9,6;15;186;122;93;
02/02/2021;BlackFelt;70;11,2;203;187;136;92;
02/02/2021;BlackFelt;70;12,8;225;197;145;96;
02/02/2021;BlackFelt;70;14,4;254;209;144;97;
02/02/2021;BlackFelt;70;16;269;204;145;95;
02/02/2021;BlackFelt;70;17,6;281;220;152;101;
02/02/2021;BlackFelt;70;19,2;310;224;149;99;
02/02/2021;BlackFelt;70;20,8;332;229;157;101;
02/02/2021;BlackFelt;70;22,4;346;245;159;105;
02/02/2021;BlackFelt;70;24;385;247;159;103;
02/02/2021;BlackFelt;70;25,6;408;256;169;108;
02/02/2021;BlackFelt;70;27,2;436;275;170;110;
02/02/2021;BlackFelt;70;28,8;470;268;168;107;
02/02/2021;BlackFelt;70;30,4;481;277;176;111;
02/02/2021;BlackFelt;70;32;505;286;172;110;
02/02/2021;BlackFelt;70;33,6;542;282;174;109;
02/02/2021;BlackFelt;70;35,2;544;294;179;113;
02/02/2021;BlackFelt;70;36,8;569;300;176;111;
02/02/2021;BlackFelt;70;38,4;602;297;181;111;
02/02/2021;BlackFelt;70;40;599;312;184;115;
02/02/2021;BlackFelt;70;41,6;628;312;181;113;
02/02/2021;BlackFelt;70;43,2;657;315;190;116;
02/02/2021;BlackFelt;70;44,8;636;326;186;116;
02/02/2021;BlackFelt;70;46,4;663;326;185;114;
02/02/2021;BlackFelt;70;48;682;327;195;119;
02/02/2021;BlackFelt;70;49,6;660;337;188;116;
02/02/2021;BlackFelt;70;51,2;684;331;189;114;
02/02/2021;BlackFelt;70;52,8;685;330;195;118;
02/02/2021;BlackFelt;70;54,4;666;344;190;117;
02/02/2021;BlackFelt;70;56;671;327;187;113;
02/02/2021;BlackFelt;70;57,6;681;335;196;120;
02/02/2021;BlackFelt;70;59,2;667;346;190;117;
02/02/2021;BlackFelt;70;60,8;675;328;189;114;
02/02/2021;BlackFelt;70;62,4;665;331;190;117;
02/02/2021;BlackFelt;70;64;662;342;187;115;
02/02/2021;BlackFelt;70;65,6;692;332;193;116;
02/02/2021;BlackFelt;70;67,2;673;336;190;118;
02/02/2021;BlackFelt;70;68,8;666;336;185;113;
02/02/2021;BlackFelt;70;70,4;708;334;196;119;
02/02/2021;BlackFelt;70;72;674;336;187;117;
02/02/2021;BlackFelt;70;73,6;663;327;183;112;
02/02/2021;BlackFelt;70;75,2;688;323;191;118;
02/02/2021;BlackFelt;70;76,8;645;326;181;114;
02/02/2021;BlackFelt;70;78,4;653;322;185;114;
02/02/2021;BlackFelt;70;80;635;307;183;115;
02/02/2021;BlackFelt;70;81,6;605;317;178;112;
02/02/2021;BlackFelt;70;83,2;593;301;179;111;
02/02/2021;BlackFelt;70;84,8;568;291;174;111;
02/02/2021;BlackFelt;70;86,4;530;294;168;107;
02/02/2021;BlackFelt;70;88;516;279;170;107;
02/02/2021;BlackFelt;70;89,6;491;273;165;107;
02/02/2021;BlackFelt;70;91,2;456;275;162;103;
02/02/2021;BlackFelt;70;92,8;457;266;168;107;
02/02/2021;BlackFelt;70;94,4;427;262;161;106;
02/02/2021;BlackFelt;70;96;391;260;158;102;
02/02/2021;BlackFelt;70;97,6;380;246;160;105;
02/02/2021;BlackFelt;70;99,2;352;244;154;102;
02/02/2021;BlackFelt;70;100,8;323;237;153;100;
02/02/2021;BlackFelt;70;102,4;318;228;154;103;
02/02/2021;BlackFelt;80;1,6;0;0;1;2;
02/02/2021;BlackFelt;80;3,2;0;0;6;4;
02/02/2021;BlackFelt;80;4,8;0;0;57;8;
02/02/2021;BlackFelt;80;6,4;1;0;93;1;
02/02/2021;BlackFelt;80;8;7;1;112;1;
02/02/2021;BlackFelt;80;9,6;127;13;125;4;
02/02/2021;BlackFelt;80;11,2;164;106;132;78;
02/02/2021;BlackFelt;80;12,8;189;174;131;89;
02/02/2021;BlackFelt;80;14,4;202;185;136;95;
02/02/2021;BlackFelt;80;16;214;193;138;92;
02/02/2021;BlackFelt;80;17,6;237;194;138;93;
02/02/2021;BlackFelt;80;19,2;242;203;143;97;
02/02/2021;BlackFelt;80;20,8;267;214;147;97;
02/02/2021;BlackFelt;80;22,4;286;214;146;98;
02/02/2021;BlackFelt;80;24;297;229;155;102;
02/02/2021;BlackFelt;80;25,6;329;236;156;101;
02/02/2021;BlackFelt;80;27,2;353;241;158;106;
02/02/2021;BlackFelt;80;28,8;360;253;164;105;
02/02/2021;BlackFelt;80;30,4;393;251;160;103;
02/02/2021;BlackFelt;80;32;403;256;163;107;
02/02/2021;BlackFelt;80;33,6;419;268;167;106;
02/02/2021;BlackFelt;80;35,2;452;263;163;105;
02/02/2021;BlackFelt;80;36,8;454;273;169;110;
02/02/2021;BlackFelt;80;38,4;467;279;171;107;
02/02/2021;BlackFelt;80;40;498;276;168;107;
02/02/2021;BlackFelt;80;41,6;491;287;175;111;
02/02/2021;BlackFelt;80;43,2;512;295;177;109;
02/02/2021;BlackFelt;80;44,8;524;286;172;110;
02/02/2021;BlackFelt;80;46,4;517;300;181;112;
02/02/2021;BlackFelt;80;48;537;303;179;111;
02/02/2021;BlackFelt;80;49,6;540;295;177;113;
02/02/2021;BlackFelt;80;51,2;524;308;183;113;
02/02/2021;BlackFelt;80;52,8;535;306;179;110;
02/02/2021;BlackFelt;80;54,4;542;300;180;114;
02/02/2021;BlackFelt;80;56;509;303;180;110;
02/02/2021;BlackFelt;80;57,6;536;306;179;111;
02/02/2021;BlackFelt;80;59,2;540;303;183;115;
02/02/2021;BlackFelt;80;60,8;511;308;180;109;
02/02/2021;BlackFelt;80;62,4;532;300;176;109;
02/02/2021;BlackFelt;80;64;531;300;183;113;
02/02/2021;BlackFelt;80;65,6;523;311;181;110;
02/02/2021;BlackFelt;80;67,2;541;300;178;111;
02/02/2021;BlackFelt;80;68,8;525;299;182;112;
02/02/2021;BlackFelt;80;70,4;535;313;181;111;
02/02/2021;BlackFelt;80;72;548;297;178;113;
02/02/2021;BlackFelt;80;73,6;516;295;179;109;
02/02/2021;BlackFelt;80;75,2;522;303;176;109;
02/02/2021;BlackFelt;80;76,8;522;288;176;111;
02/02/2021;BlackFelt;80;78,4;503;293;178;110;
02/02/2021;BlackFelt;80;80;489;288;170;107;
02/02/2021;BlackFelt;80;81,6;489;279;175;110;
02/02/2021;BlackFelt;80;83,2;454;281;169;105;
02/02/2021;BlackFelt;80;84,8;440;271;163;104;
02/02/2021;BlackFelt;80;86,4;428;260;167;106;
02/02/2021;BlackFelt;80;88;390;262;160;100;
02/02/2021;BlackFelt;80;89,6;383;251;157;102;
02/02/2021;BlackFelt;80;91,2;367;244;160;102;
02/02/2021;BlackFelt;80;92,8;342;251;156;100;
02/02/2021;BlackFelt;80;94,4;332;239;155;102;
02/02/2021;BlackFelt;80;96;309;233;156;100;
02/02/2021;BlackFelt;80;97,6;284;232;150;98;
02/02/2021;BlackFelt;80;99,2;276;219;150;100;
02/02/2021;BlackFelt;80;100,8;256;216;149;97;
02/02/2021;BlackFelt;80;102,4;238;214;144;96;
02/02/2021;BlackFelt;90;1,6;0;0;0;0;
02/02/2021;BlackFelt;90;3,2;0;0;0;1;
02/02/2021;BlackFelt;90;4,8;0;3;0;13;
02/02/2021;BlackFelt;90;6,4;0;87;0;63;
02/02/2021;BlackFelt;90;8;2;130;0;71;
02/02/2021;BlackFelt;90;9,6;23;141;4;80;
02/02/2021;BlackFelt;90;11,2;116;147;102;85;
02/02/2021;BlackFelt;90;12,8;131;155;121;86;
02/02/2021;BlackFelt;90;14,4;149;157;124;86;
02/02/2021;BlackFelt;90;16;151;163;128;88;
02/02/2021;BlackFelt;90;17,6;166;169;127;89;
02/02/2021;BlackFelt;90;19,2;178;169;130;89;
02/02/2021;BlackFelt;90;20,8;183;183;136;94;
02/02/2021;BlackFelt;90;22,4;200;185;134;92;
02/02/2021;BlackFelt;90;24;212;189;140;94;
02/02/2021;BlackFelt;90;25,6;222;204;144;98;
02/02/2021;BlackFelt;90;27,2;248;205;145;98;
02/02/2021;BlackFelt;90;28,8;250;208;149;99;
02/02/2021;BlackFelt;90;30,4;261;217;148;100;
02/02/2021;BlackFelt;90;32;283;214;147;98;
02/02/2021;BlackFelt;90;33,6;284;223;154;101;
02/02/2021;BlackFelt;90;35,2;297;226;150;100;
02/02/2021;BlackFelt;90;36,8;316;224;152;99;
02/02/2021;BlackFelt;90;38,4;311;236;157;104;
02/02/2021;BlackFelt;90;40;330;235;154;102;
02/02/2021;BlackFelt;90;41,6;342;235;158;102;
02/02/2021;BlackFelt;90;43,2;341;249;162;107;
02/02/2021;BlackFelt;90;44,8;351;240;156;102;
02/02/2021;BlackFelt;90;46,4;356;244;163;104;
02/02/2021;BlackFelt;90;48;353;255;164;107;
02/02/2021;BlackFelt;90;49,6;363;244;159;103;
02/02/2021;BlackFelt;90;51,2;359;249;165;105;
02/02/2021;BlackFelt;90;52,8;351;254;163;106;
02/02/2021;BlackFelt;90;54,4;364;247;161;103;
02/02/2021;BlackFelt;90;56;352;247;163;104;
02/02/2021;BlackFelt;90;57,6;354;255;163;106;
02/02/2021;BlackFelt;90;59,2;369;248;162;104;
02/02/2021;BlackFelt;90;60,8;353;251;163;105;
02/02/2021;BlackFelt;90;62,4;349;247;158;103;
02/02/2021;BlackFelt;90;64;367;245;162;103;
02/02/2021;BlackFelt;90;65,6;360;254;164;106;
02/02/2021;BlackFelt;90;67,2;361;246;159;103;
02/02/2021;BlackFelt;90;68,8;368;244;162;103;
02/02/2021;BlackFelt;90;70,4;367;255;164;107;
02/02/2021;BlackFelt;90;72;368;242;158;103;
02/02/2021;BlackFelt;90;73,6;365;240;160;103;
02/02/2021;BlackFelt;90;75,2;357;245;159;105;
02/02/2021;BlackFelt;90;76,8;354;232;155;100;
02/02/2021;BlackFelt;90;78,4;356;241;160;105;
02/02/2021;BlackFelt;90;80;334;231;152;101;
02/02/2021;BlackFelt;90;81,6;334;226;154;100;
02/02/2021;BlackFelt;90;83,2;318;229;153;102;
02/02/2021;BlackFelt;90;84,8;296;217;145;98;
02/02/2021;BlackFelt;90;86,4;293;212;147;97;
02/02/2021;BlackFelt;90;88;273;212;144;98;
02/02/2021;BlackFelt;90;89,6;255;202;139;95;
02/02/2021;BlackFelt;90;91,2;253;200;143;95;
02/02/2021;BlackFelt;90;92,8;239;202;141;97;
02/02/2021;BlackFelt;90;94,4;224;192;138;94;
02/02/2021;BlackFelt;90;96;220;190;140;95;
02/02/2021;BlackFelt;90;97,6;203;186;135;95;
02/02/2021;BlackFelt;90;99,2;191;176;133;92;
02/02/2021;BlackFelt;90;100,8;184;176;134;94;
02/02/2021;BlackFelt;90;102,4;169;170;129;93;
02/02/2021;BlackFelt;95;1,6;0;0;0;0;
02/02/2021;BlackFelt;95;3,2;0;0;1;1;
02/02/2021;BlackFelt;95;4,8;0;0;5;5;
02/02/2021;BlackFelt;95;6,4;0;0;21;53;
02/02/2021;BlackFelt;95;8;2;1;39;71;
02/02/2021;BlackFelt;95;9,6;16;14;92;80;
02/02/2021;BlackFelt;95;11,2;104;134;113;85;
02/02/2021;BlackFelt;95;12,8;125;142;118;84;
02/02/2021;BlackFelt;95;14,4;132;152;124;87;
02/02/2021;BlackFelt;95;16;140;154;120;87;
02/02/2021;BlackFelt;95;17,6;155;156;127;86;
02/02/2021;BlackFelt;95;19,2;157;166;128;90;
02/02/2021;BlackFelt;95;20,8;172;170;128;91;
02/02/2021;BlackFelt;95;22,4;182;172;135;90;
02/02/2021;BlackFelt;95;24;188;185;135;95;
02/02/2021;BlackFelt;95;25,6;209;187;137;95;
02/02/2021;BlackFelt;95;27,2;219;195;146;97;
02/02/2021;BlackFelt;95;28,8;224;201;141;99;
02/02/2021;BlackFelt;95;30,4;244;198;143;96;
02/02/2021;BlackFelt;95;32;246;206;148;98;
02/02/2021;BlackFelt;95;33,6;258;210;144;100;
02/02/2021;BlackFelt;95;35,2;275;207;148;97;
02/02/2021;BlackFelt;95;36,8;275;218;151;101;
02/02/2021;BlackFelt;95;38,4;289;219;147;101;
02/02/2021;BlackFelt;95;40;300;217;154;99;
02/02/2021;BlackFelt;95;41,6;296;229;154;104;
02/02/2021;BlackFelt;95;43,2;317;228;153;103;
02/02/2021;BlackFelt;95;44,8;314;225;158;101;
02/02/2021;BlackFelt;95;46,4;308;235;155;105;
02/02/2021;BlackFelt;95;48;328;231;157;104;
02/02/2021;BlackFelt;95;49,6;317;232;160;103;
02/02/2021;BlackFelt;95;51,2;313;237;156;106;
02/02/2021;BlackFelt;95;52,8;324;230;157;103;
02/02/2021;BlackFelt;95;54,4;322;235;161;104;
02/02/2021;BlackFelt;95;56;306;232;152;103;
02/02/2021;BlackFelt;95;57,6;329;231;159;103;
02/02/2021;BlackFelt;95;59,2;321;239;161;105;
02/02/2021;BlackFelt;95;60,8;309;231;153;103;
02/02/2021;BlackFelt;95;62,4;324;227;158;101;
02/02/2021;BlackFelt;95;64;316;238;157;105;
02/02/2021;BlackFelt;95;65,6;317;231;155;103;
02/02/2021;BlackFelt;95;67,2;329;230;160;102;
02/02/2021;BlackFelt;95;68,8;314;233;154;104;
02/02/2021;BlackFelt;95;70,4;329;230;158;104;
02/02/2021;BlackFelt;95;72;327;230;159;103;
02/02/2021;BlackFelt;95;73,6;309;225;151;103;
02/02/2021;BlackFelt;95;75,2;321;222;155;102;
02/02/2021;BlackFelt;95;76,8;315;223;154;102;
02/02/2021;BlackFelt;95;78,4;303;222;150;104;
02/02/2021;BlackFelt;95;80;300;212;151;99;
02/02/2021;BlackFelt;95;81,6;293;219;149;103;
02/02/2021;BlackFelt;95;83,2;273;208;143;99;
02/02/2021;BlackFelt;95;84,8;270;201;146;97;
02/02/2021;BlackFelt;95;86,4;255;205;141;99;
02/02/2021;BlackFelt;95;88;236;192;137;95;
02/02/2021;BlackFelt;95;89,6;235;190;141;94;
02/02/2021;BlackFelt;95;91,2;217;190;135;96;
02/02/2021;BlackFelt;95;92,8;209;183;137;95;
02/02/2021;BlackFelt;95;94,4;206;182;139;95;
02/02/2021;BlackFelt;95;96;187;178;132;95;
02/02/2021;BlackFelt;95;97,6;180;169;132;92;
02/02/2021;BlackFelt;95;99,2;173;169;132;93;
02/02/2021;BlackFelt;95;100,8;157;163;126;93;
02/02/2021;BlackFelt;95;102,4;152;157;129;91;
03/05/2021;BlackFelt_soil;5;1,6;84;211;184;154;163
03/05/2021;BlackFelt_soil;5;3,2;108;212;183;155;165
03/05/2021;BlackFelt_soil;5;4,8;118;219;192;155;163
03/05/2021;BlackFelt_soil;5;6,4;134;217;193;156;166
03/05/2021;BlackFelt_soil;5;8;152;220;193;160;166
03/05/2021;BlackFelt_soil;5;9,6;161;223;197;157;164
03/05/2021;BlackFelt_soil;5;11,2;178;222;194;154;170
03/05/2021;BlackFelt_soil;5;12,8;195;234;200;160;170
03/05/2021;BlackFelt_soil;5;14,4;206;239;205;161;172
03/05/2021;BlackFelt_soil;5;16;219;235;199;159;173
03/05/2021;BlackFelt_soil;5;17,6;232;249;208;166;172
03/05/2021;BlackFelt_soil;5;19,2;238;247;207;163;174
03/05/2021;BlackFelt_soil;5;20,8;261;253;209;167;179
03/05/2021;BlackFelt_soil;5;22,4;268;263;217;170;178
03/05/2021;BlackFelt_soil;5;24;279;263;216;168;182
03/05/2021;BlackFelt_soil;5;25,6;308;274;220;174;185
03/05/2021;BlackFelt_soil;5;27,2;317;283;228;176;185
03/05/2021;BlackFelt_soil;5;28,8;330;277;222;172;187
03/05/2021;BlackFelt_soil;5;30,4;352;286;225;177;185
03/05/2021;BlackFelt_soil;5;32;354;288;226;174;183
03/05/2021;BlackFelt_soil;5;33,6;371;286;223;174;188
03/05/2021;BlackFelt_soil;5;35,2;388;297;228;177;184
03/05/2021;BlackFelt_soil;5;36,8;392;296;228;174;186
03/05/2021;BlackFelt_soil;5;38,4;412;297;226;175;190
03/05/2021;BlackFelt_soil;5;40;422;309;234;178;187
03/05/2021;BlackFelt_soil;5;41,6;420;306;231;175;189
03/05/2021;BlackFelt_soil;5;43,2;444;312;234;180;193
03/05/2021;BlackFelt_soil;5;44,8;438;319;237;178;187
03/05/2021;BlackFelt_soil;5;46,4;436;315;234;177;193
03/05/2021;BlackFelt_soil;5;48;455;323;239;183;193
03/05/2021;BlackFelt_soil;5;49,6;443;326;239;178;188
03/05/2021;BlackFelt_soil;5;51,2;437;322;235;177;193
03/05/2021;BlackFelt_soil;5;52,8;448;325;239;181;191
03/05/2021;BlackFelt_soil;5;54,4;442;331;240;179;189
03/05/2021;BlackFelt_soil;5;56;426;319;231;174;190
03/05/2021;BlackFelt_soil;5;57,6;445;329;241;182;191
03/05/2021;BlackFelt_soil;5;59,2;437;334;240;178;191
03/05/2021;BlackFelt_soil;5;60,8;428;319;232;175;190
03/05/2021;BlackFelt_soil;5;62,4;437;326;239;178;186
03/05/2021;BlackFelt_soil;5;64;430;329;236;176;190
03/05/2021;BlackFelt_soil;5;65,6;433;324;237;180;192
03/05/2021;BlackFelt_soil;5;67,2;440;331;241;180;188
03/05/2021;BlackFelt_soil;5;68,8;426;326;234;175;191
03/05/2021;BlackFelt_soil;5;70,4;436;329;243;185;194
03/05/2021;BlackFelt_soil;5;72;429;330;240;179;190
03/05/2021;BlackFelt_soil;5;73,6;412;321;232;175;191
03/05/2021;BlackFelt_soil;5;75,2;418;323;241;183;191
03/05/2021;BlackFelt_soil;5;76,8;409;325;236;176;189
03/05/2021;BlackFelt_soil;5;78,4;397;320;234;178;194
03/05/2021;BlackFelt_soil;5;80;390;313;237;178;187
03/05/2021;BlackFelt_soil;5;81,6;376;317;232;175;189
03/05/2021;BlackFelt_soil;5;83,2;357;306;228;176;187
03/05/2021;BlackFelt_soil;5;84,8;345;301;230;175;182
03/05/2021;BlackFelt_soil;5;86,4;331;302;223;169;184
03/05/2021;BlackFelt_soil;5;88;309;289;219;169;180
03/05/2021;BlackFelt_soil;5;89,6;302;288;220;167;177
03/05/2021;BlackFelt_soil;5;91,2;286;288;214;164;180
03/05/2021;BlackFelt_soil;5;92,8;276;284;219;171;179
03/05/2021;BlackFelt_soil;5;94,4;266;283;218;167;177
03/05/2021;BlackFelt_soil;5;96;246;279;210;163;178
03/05/2021;BlackFelt_soil;5;97,6;232;271;212;164;173
03/05/2021;BlackFelt_soil;5;99,2;225;273;210;156;169
03/05/2021;BlackFelt_soil;5;100,8;211;266;204;153;167
03/05/2021;BlackFelt_soil;5;102,4;206;262;212;155;164
03/05/2021;BlackFelt_soil;10;1,6;91;219;188;159;168
03/05/2021;BlackFelt_soil;10;3,2;113;217;188;159;168
03/05/2021;BlackFelt_soil;10;4,8;128;220;197;160;168
03/05/2021;BlackFelt_soil;10;6,4;140;229;197;161;173
03/05/2021;BlackFelt_soil;10;8;159;225;198;164;170
03/05/2021;BlackFelt_soil;10;9,6;172;228;201;161;170
03/05/2021;BlackFelt_soil;10;11,2;183;235;198;159;176
03/05/2021;BlackFelt_soil;10;12,8;206;236;205;165;174
03/05/2021;BlackFelt_soil;10;14,4;218;247;208;165;178
03/05/2021;BlackFelt_soil;10;16;225;246;202;164;177
03/05/2021;BlackFelt_soil;10;17,6;248;249;212;170;176
03/05/2021;BlackFelt_soil;10;19,2;251;259;210;167;180
03/05/2021;BlackFelt_soil;10;20,8;268;263;213;172;183
03/05/2021;BlackFelt_soil;10;22,4;288;265;221;174;182
03/05/2021;BlackFelt_soil;10;24;295;279;219;173;188
03/05/2021;BlackFelt_soil;10;25,6;321;279;225;179;189
03/05/2021;BlackFelt_soil;10;27,2;342;287;232;181;191
03/05/2021;BlackFelt_soil;10;28,8;344;293;225;177;193
03/05/2021;BlackFelt_soil;10;30,4;371;290;230;182;189
03/05/2021;BlackFelt_soil;10;32;383;296;230;178;190
03/05/2021;BlackFelt_soil;10;33,6;388;303;226;178;193
03/05/2021;BlackFelt_soil;10;35,2;414;299;233;182;189
03/05/2021;BlackFelt_soil;10;36,8;421;309;232;179;193
03/05/2021;BlackFelt_soil;10;38,4;427;314;231;181;194
03/05/2021;BlackFelt_soil;10;40;453;311;239;184;192
03/05/2021;BlackFelt_soil;10;41,6;452;321;235;181;197
03/05/2021;BlackFelt_soil;10;43,2;461;327;240;186;198
03/05/2021;BlackFelt_soil;10;44,8;470;320;241;184;194
03/05/2021;BlackFelt_soil;10;46,4;463;334;238;183;201
03/05/2021;BlackFelt_soil;10;48;470;335;245;189;199
03/05/2021;BlackFelt_soil;10;49,6;476;330;243;184;197
03/05/2021;BlackFelt_soil;10;51,2;461;339;240;183;201
03/05/2021;BlackFelt_soil;10;52,8;463;338;245;188;197
03/05/2021;BlackFelt_soil;10;54,4;471;336;245;185;198
03/05/2021;BlackFelt_soil;10;56;450;337;236;180;197
03/05/2021;BlackFelt_soil;10;57,6;463;341;247;189;197
03/05/2021;BlackFelt_soil;10;59,2;467;339;245;185;200
03/05/2021;BlackFelt_soil;10;60,8;450;338;238;182;197
03/05/2021;BlackFelt_soil;10;62,4;456;336;244;185;194
03/05/2021;BlackFelt_soil;10;64;461;337;241;183;200
03/05/2021;BlackFelt_soil;10;65,6;456;345;243;187;199
03/05/2021;BlackFelt_soil;10;67,2;462;338;247;186;197
03/05/2021;BlackFelt_soil;10;68,8;456;336;240;182;200
03/05/2021;BlackFelt_soil;10;70,4;456;349;250;192;201
03/05/2021;BlackFelt_soil;10;72;454;335;246;186;198
03/05/2021;BlackFelt_soil;10;73,6;439;333;238;182;199
03/05/2021;BlackFelt_soil;10;75,2;439;339;248;190;199
03/05/2021;BlackFelt_soil;10;76,8;436;330;242;183;198
03/05/2021;BlackFelt_soil;10;78,4;423;336;242;186;201
03/05/2021;BlackFelt_soil;10;80;407;329;244;185;195
03/05/2021;BlackFelt_soil;10;81,6;400;322;239;182;199
03/05/2021;BlackFelt_soil;10;83,2;378;323;235;182;195
03/05/2021;BlackFelt_soil;10;84,8;361;313;236;180;190
03/05/2021;BlackFelt_soil;10;86,4;351;306;229;176;193
03/05/2021;BlackFelt_soil;10;88;327;304;227;177;187
03/05/2021;BlackFelt_soil;10;89,6;315;297;228;175;185
03/05/2021;BlackFelt_soil;10;91,2;301;292;222;172;189
03/05/2021;BlackFelt_soil;10;92,8;289;300;229;179;187
03/05/2021;BlackFelt_soil;10;94,4;275;293;226;174;186
03/05/2021;BlackFelt_soil;10;96;260;284;219;170;188
03/05/2021;BlackFelt_soil;10;97,6;243;286;223;173;182
03/05/2021;BlackFelt_soil;10;99,2;235;279;220;168;182
03/05/2021;BlackFelt_soil;10;100,8;222;273;215;166;179
03/05/2021;BlackFelt_soil;10;102,4;214;277;221;168;174
03/05/2021;BlackFelt_soil;20;1,6;112;231;204;165;174
03/05/2021;BlackFelt_soil;20;3,2;143;228;200;167;174
03/05/2021;BlackFelt_soil;20;4,8;155;238;209;167;179
03/05/2021;BlackFelt_soil;20;6,4;175;241;210;168;176
03/05/2021;BlackFelt_soil;20;8;199;238;207;172;178
03/05/2021;BlackFelt_soil;20;9,6;210;248;213;168;181
03/05/2021;BlackFelt_soil;20;11,2;232;248;210;167;179
03/05/2021;BlackFelt_soil;20;12,8;252;253;212;173;185
03/05/2021;BlackFelt_soil;20;14,4;267;268;221;174;187
03/05/2021;BlackFelt_soil;20;16;287;260;213;172;181
03/05/2021;BlackFelt_soil;20;17,6;306;271;219;178;189
03/05/2021;BlackFelt_soil;20;19,2;317;278;222;175;186
03/05/2021;BlackFelt_soil;20;20,8;351;279;222;180;188
03/05/2021;BlackFelt_soil;20;22,4;364;289;229;182;195
03/05/2021;BlackFelt_soil;20;24;380;297;232;180;192
03/05/2021;BlackFelt_soil;20;25,6;420;300;233;187;197
03/05/2021;BlackFelt_soil;20;27,2;436;317;244;188;202
03/05/2021;BlackFelt_soil;20;28,8;453;314;237;185;196
03/05/2021;BlackFelt_soil;20;30,4;483;313;237;190;200
03/05/2021;BlackFelt_soil;20;32;489;326;243;186;199
03/05/2021;BlackFelt_soil;20;33,6;512;324;238;187;197
03/05/2021;BlackFelt_soil;20;35,2;538;325;241;190;202
03/05/2021;BlackFelt_soil;20;36,8;544;339;246;187;200
03/05/2021;BlackFelt_soil;20;38,4;566;333;241;189;199
03/05/2021;BlackFelt_soil;20;40;585;339;248;191;206
03/05/2021;BlackFelt_soil;20;41,6;582;350;249;189;202
03/05/2021;BlackFelt_soil;20;43,2;612;350;249;195;206
03/05/2021;BlackFelt_soil;20;44,8;607;351;253;191;206
03/05/2021;BlackFelt_soil;20;46,4;601;362;252;191;204
03/05/2021;BlackFelt_soil;20;48;627;362;254;198;210
03/05/2021;BlackFelt_soil;20;49,6;612;363;258;192;207
03/05/2021;BlackFelt_soil;20;51,2;603;367;253;191;204
03/05/2021;BlackFelt_soil;20;52,8;619;364;253;196;208
03/05/2021;BlackFelt_soil;20;54,4;612;369;260;192;208
03/05/2021;BlackFelt_soil;20;56;588;365;249;188;200
03/05/2021;BlackFelt_soil;20;57,6;614;368;257;196;210
03/05/2021;BlackFelt_soil;20;59,2;604;372;261;192;207
03/05/2021;BlackFelt_soil;20;60,8;586;368;250;190;202
03/05/2021;BlackFelt_soil;20;62,4;605;361;255;192;207
03/05/2021;BlackFelt_soil;20;64;600;372;257;190;204
03/05/2021;BlackFelt_soil;20;65,6;600;371;254;194;206
03/05/2021;BlackFelt_soil;20;67,2;613;367;261;193;209
03/05/2021;BlackFelt_soil;20;68,8;595;372;255;189;203
03/05/2021;BlackFelt_soil;20;70,4;610;374;259;199;212
03/05/2021;BlackFelt_soil;20;72;604;365;262;193;208
03/05/2021;BlackFelt_soil;20;73,6;582;368;252;189;202
03/05/2021;BlackFelt_soil;20;75,2;588;364;258;197;212
03/05/2021;BlackFelt_soil;20;76,8;576;359;259;190;206
03/05/2021;BlackFelt_soil;20;78,4;563;367;255;194;206
03/05/2021;BlackFelt_soil;20;80;550;354;255;193;208
03/05/2021;BlackFelt_soil;20;81,6;534;354;256;189;204
03/05/2021;BlackFelt_soil;20;83,2;503;349;247;190;202
03/05/2021;BlackFelt_soil;20;84,8;484;337;250;187;203
03/05/2021;BlackFelt_soil;20;86,4;461;334;245;183;197
03/05/2021;BlackFelt_soil;20;88;429;330;238;185;196
03/05/2021;BlackFelt_soil;20;89,6;415;320;243;182;196
03/05/2021;BlackFelt_soil;20;91,2;394;319;238;180;192
03/05/2021;BlackFelt_soil;20;92,8;376;323;240;187;199
03/05/2021;BlackFelt_soil;20;94,4;358;314;243;183;196
03/05/2021;BlackFelt_soil;20;96;335;312;235;180;191
03/05/2021;BlackFelt_soil;20;97,6;315;307;234;184;195
03/05/2021;BlackFelt_soil;20;99,2;307;300;237;179;192
03/05/2021;BlackFelt_soil;20;100,8;284;298;229;179;188
03/05/2021;BlackFelt_soil;20;102,4;273;295;233;180;194
03/05/2021;BlackFelt_soil;30;1,6;120;239;214;170;181
03/05/2021;BlackFelt_soil;30;3,2;153;242;208;172;180
03/05/2021;BlackFelt_soil;30;4,8;171;243;213;171;180
03/05/2021;BlackFelt_soil;30;6,4;199;253;221;173;186
03/05/2021;BlackFelt_soil;30;8;219;252;215;177;182
03/05/2021;BlackFelt_soil;30;9,6;234;252;219;173;183
03/05/2021;BlackFelt_soil;30;11,2;263;263;220;172;188
03/05/2021;BlackFelt_soil;30;12,8;279;265;219;178;187
03/05/2021;BlackFelt_soil;30;14,4;300;273;229;177;192
03/05/2021;BlackFelt_soil;30;16;322;277;223;177;190
03/05/2021;BlackFelt_soil;30;17,6;339;281;225;183;189
03/05/2021;BlackFelt_soil;30;19,2;357;288;232;180;194
03/05/2021;BlackFelt_soil;30;20,8;391;299;232;185;196
03/05/2021;BlackFelt_soil;30;22,4;403;299;235;186;195
03/05/2021;BlackFelt_soil;30;24;434;310;243;185;201
03/05/2021;BlackFelt_soil;30;25,6;468;320;242;193;202
03/05/2021;BlackFelt_soil;30;27,2;490;322;250;193;204
03/05/2021;BlackFelt_soil;30;28,8;518;331;248;190;206
03/05/2021;BlackFelt_soil;30;30,4;540;332;245;195;202
03/05/2021;BlackFelt_soil;30;32;553;331;252;191;203
03/05/2021;BlackFelt_soil;30;33,6;587;345;250;192;206
03/05/2021;BlackFelt_soil;30;35,2;601;344;247;194;202
03/05/2021;BlackFelt_soil;30;36,8;610;346;256;192;207
03/05/2021;BlackFelt_soil;30;38,4;650;360;252;195;207
03/05/2021;BlackFelt_soil;30;40;657;358;254;196;205
03/05/2021;BlackFelt_soil;30;41,6;662;362;261;194;211
03/05/2021;BlackFelt_soil;30;43,2;702;379;260;201;211
03/05/2021;BlackFelt_soil;30;44,8;683;370;259;196;207
03/05/2021;BlackFelt_soil;30;46,4;690;377;265;197;215
03/05/2021;BlackFelt_soil;30;48;720;391;263;204;212
03/05/2021;BlackFelt_soil;30;49,6;695;380;266;197;210
03/05/2021;BlackFelt_soil;30;51,2;698;385;266;197;214
03/05/2021;BlackFelt_soil;30;52,8;719;393;263;202;211
03/05/2021;BlackFelt_soil;30;54,4;701;387;269;198;212
03/05/2021;BlackFelt_soil;30;56;689;383;261;194;210
03/05/2021;BlackFelt_soil;30;57,6;718;399;265;202;211
03/05/2021;BlackFelt_soil;30;59,2;704;391;272;198;214
03/05/2021;BlackFelt_soil;30;60,8;697;387;262;197;210
03/05/2021;BlackFelt_soil;30;62,4;708;391;262;198;207
03/05/2021;BlackFelt_soil;30;64;705;390;270;196;214
03/05/2021;BlackFelt_soil;30;65,6;719;397;265;201;212
03/05/2021;BlackFelt_soil;30;67,2;725;395;268;199;210
03/05/2021;BlackFelt_soil;30;68,8;712;386;268;196;214
03/05/2021;BlackFelt_soil;30;70,4;740;405;270;206;215
03/05/2021;BlackFelt_soil;30;72;723;393;271;199;212
03/05/2021;BlackFelt_soil;30;73,6;701;380;265;196;212
03/05/2021;BlackFelt_soil;30;75,2;718;398;267;203;212
03/05/2021;BlackFelt_soil;30;76,8;693;384;270;196;212
03/05/2021;BlackFelt_soil;30;78,4;680;382;268;200;215
03/05/2021;BlackFelt_soil;30;80;667;385;262;199;208
03/05/2021;BlackFelt_soil;30;81,6;642;375;269;196;213
03/05/2021;BlackFelt_soil;30;83,2;611;368;259;197;208
03/05/2021;BlackFelt_soil;30;84,8;590;366;257;193;203
03/05/2021;BlackFelt_soil;30;86,4;558;354;259;189;206
03/05/2021;BlackFelt_soil;30;88;527;348;249;190;199
03/05/2021;BlackFelt_soil;30;89,6;507;350;251;187;198
03/05/2021;BlackFelt_soil;30;91,2;473;339;251;185;201
03/05/2021;BlackFelt_soil;30;92,8;459;345;250;192;199
03/05/2021;BlackFelt_soil;30;94,4;439;343;253;187;199
03/05/2021;BlackFelt_soil;30;96;406;330;249;184;200
03/05/2021;BlackFelt_soil;30;97,6;385;328;243;187;195
03/05/2021;BlackFelt_soil;30;99,2;369;328;248;182;196
03/05/2021;BlackFelt_soil;30;100,8;342;314;241;183;195
03/05/2021;BlackFelt_soil;30;102,4;332;318;241;185;194
03/05/2021;BlackFelt_soil;40;1,6;126;245;214;176;185
03/05/2021;BlackFelt_soil;40;3,2;155;243;211;170;181
03/05/2021;BlackFelt_soil;40;4,8;176;246;221;175;184
03/05/2021;BlackFelt_soil;40;6,4;204;258;221;177;187
03/05/2021;BlackFelt_soil;40;8;220;253;221;174;183
03/05/2021;BlackFelt_soil;40;9,6;240;257;224;178;187
03/05/2021;BlackFelt_soil;40;11,2;265;266;220;174;189
03/05/2021;BlackFelt_soil;40;12,8;279;266;226;176;188
03/05/2021;BlackFelt_soil;40;14,4;305;279;232;184;196
03/05/2021;BlackFelt_soil;40;16;320;280;224;178;190
03/05/2021;BlackFelt_soil;40;17,6;334;281;234;183;192
03/05/2021;BlackFelt_soil;40;19,2;356;293;232;185;197
03/05/2021;BlackFelt_soil;40;20,8;378;300;234;184;196
03/05/2021;BlackFelt_soil;40;22,4;391;301;243;189;199
03/05/2021;BlackFelt_soil;40;24;422;316;242;190;204
03/05/2021;BlackFelt_soil;40;25,6;446;322;247;190;203
03/05/2021;BlackFelt_soil;40;27,2;469;330;256;199;210
03/05/2021;BlackFelt_soil;40;28,8;500;339;249;193;207
03/05/2021;BlackFelt_soil;40;30,4;510;336;253;193;204
03/05/2021;BlackFelt_soil;40;32;532;340;255;197;210
03/05/2021;BlackFelt_soil;40;33,6;566;351;251;193;207
03/05/2021;BlackFelt_soil;40;35,2;571;349;257;195;205
03/05/2021;BlackFelt_soil;40;36,8;594;355;257;197;212
03/05/2021;BlackFelt_soil;40;38,4;625;366;255;194;208
03/05/2021;BlackFelt_soil;40;40;626;364;264;199;210
03/05/2021;BlackFelt_soil;40;41,6;648;374;261;199;215
03/05/2021;BlackFelt_soil;40;43,2;676;384;264;199;213
03/05/2021;BlackFelt_soil;40;44,8;657;375;268;201;213
03/05/2021;BlackFelt_soil;40;46,4;677;387;265;200;216
03/05/2021;BlackFelt_soil;40;48;693;394;271;201;215
03/05/2021;BlackFelt_soil;40;49,6;674;385;271;203;217
03/05/2021;BlackFelt_soil;40;51,2;690;396;266;200;216
03/05/2021;BlackFelt_soil;40;52,8;695;398;271;200;213
03/05/2021;BlackFelt_soil;40;54,4;682;392;274;204;219
03/05/2021;BlackFelt_soil;40;56;683;394;263;195;212
03/05/2021;BlackFelt_soil;40;57,6;700;402;275;202;214
03/05/2021;BlackFelt_soil;40;59,2;693;397;275;204;220
03/05/2021;BlackFelt_soil;40;60,8;695;400;265;196;211
03/05/2021;BlackFelt_soil;40;62,4;693;395;273;200;212
03/05/2021;BlackFelt_soil;40;64;694;395;271;201;217
03/05/2021;BlackFelt_soil;40;65,6;714;406;271;199;214
03/05/2021;BlackFelt_soil;40;67,2;710;399;277;204;217
03/05/2021;BlackFelt_soil;40;68,8;703;396;269;199;215
03/05/2021;BlackFelt_soil;40;70,4;733;412;278;203;217
03/05/2021;BlackFelt_soil;40;72;709;398;277;205;219
03/05/2021;BlackFelt_soil;40;73,6;696;392;267;197;213
03/05/2021;BlackFelt_soil;40;75,2;711;404;277;203;215
03/05/2021;BlackFelt_soil;40;76,8;684;389;273;202;218
03/05/2021;BlackFelt_soil;40;78,4;681;395;271;199;216
03/05/2021;BlackFelt_soil;40;80;662;391;273;200;212
03/05/2021;BlackFelt_soil;40;81,6;637;383;271;200;217
03/05/2021;BlackFelt_soil;40;83,2;615;381;264;194;209
03/05/2021;BlackFelt_soil;40;84,8;588;373;267;196;208
03/05/2021;BlackFelt_soil;40;86,4;555;362;260;192;209
03/05/2021;BlackFelt_soil;40;88;532;360;255;187;201
03/05/2021;BlackFelt_soil;40;89,6;510;355;259;191;204
03/05/2021;BlackFelt_soil;40;91,2;478;346;252;187;202
03/05/2021;BlackFelt_soil;40;92,8;467;355;258;189;201
03/05/2021;BlackFelt_soil;40;94,4;443;349;259;191;204
03/05/2021;BlackFelt_soil;40;96;412;337;251;184;199
03/05/2021;BlackFelt_soil;40;97,6;400;341;252;184;194
03/05/2021;BlackFelt_soil;40;99,2;378;334;252;184;197
03/05/2021;BlackFelt_soil;40;100,8;353;323;244;179;189
03/05/2021;BlackFelt_soil;40;102,4;346;330;252;182;189
03/05/2021;BlackFelt_soil;50;1,6;120;242;214;176;185
03/05/2021;BlackFelt_soil;50;3,2;154;241;214;170;181
03/05/2021;BlackFelt_soil;50;4,8;174;252;221;174;187
03/05/2021;BlackFelt_soil;50;6,4;194;252;221;177;187
03/05/2021;BlackFelt_soil;50;8;220;253;223;174;184
03/05/2021;BlackFelt_soil;50;9,6;235;261;224;178;189
03/05/2021;BlackFelt_soil;50;11,2;255;259;221;175;189
03/05/2021;BlackFelt_soil;50;12,8;275;270;228;176;189
03/05/2021;BlackFelt_soil;50;14,4;290;279;231;184;197
03/05/2021;BlackFelt_soil;50;16;300;273;225;178;190
03/05/2021;BlackFelt_soil;50;17,6;319;288;235;183;193
03/05/2021;BlackFelt_soil;50;19,2;326;289;231;186;197
03/05/2021;BlackFelt_soil;50;20,8;353;296;235;184;196
03/05/2021;BlackFelt_soil;50;22,4;368;309;243;189;201
03/05/2021;BlackFelt_soil;50;24;385;311;241;190;203
03/05/2021;BlackFelt_soil;50;25,6;420;320;248;190;203
03/05/2021;BlackFelt_soil;50;27,2;439;337;255;199;211
03/05/2021;BlackFelt_soil;50;28,8;452;331;248;194;206
03/05/2021;BlackFelt_soil;50;30,4;483;336;255;193;204
03/05/2021;BlackFelt_soil;50;32;491;347;254;198;210
03/05/2021;BlackFelt_soil;50;33,6;512;344;251;194;206
03/05/2021;BlackFelt_soil;50;35,2;538;351;258;195;207
03/05/2021;BlackFelt_soil;50;36,8;549;362;257;198;212
03/05/2021;BlackFelt_soil;50;38,4;567;358;256;194;207
03/05/2021;BlackFelt_soil;50;40;591;368;264;198;212
03/05/2021;BlackFelt_soil;50;41,6;593;376;261;200;214
03/05/2021;BlackFelt_soil;50;43,2;621;377;266;199;213
03/05/2021;BlackFelt_soil;50;44,8;625;383;267;201;215
03/05/2021;BlackFelt_soil;50;46,4;624;387;264;201;216
03/05/2021;BlackFelt_soil;50;48;647;389;273;201;216
03/05/2021;BlackFelt_soil;50;49,6;640;395;270;204;219
03/05/2021;BlackFelt_soil;50;51,2;631;393;266;200;216
03/05/2021;BlackFelt_soil;50;52,8;646;390;273;200;214
03/05/2021;BlackFelt_soil;50;54,4;652;401;273;205;220
03/05/2021;BlackFelt_soil;50;56;627;390;263;196;211
03/05/2021;BlackFelt_soil;50;57,6;660;397;277;202;216
03/05/2021;BlackFelt_soil;50;59,2;660;407;273;205;221
03/05/2021;BlackFelt_soil;50;60,8;637;392;266;197;211
03/05/2021;BlackFelt_soil;50;62,4;658;392;273;200;214
03/05/2021;BlackFelt_soil;50;64;660;405;270;202;217
03/05/2021;BlackFelt_soil;50;65,6;660;398;272;199;214
03/05/2021;BlackFelt_soil;50;67,2;682;398;275;204;219
03/05/2021;BlackFelt_soil;50;68,8;666;403;268;200;215
03/05/2021;BlackFelt_soil;50;70,4;685;404;279;204;218
03/05/2021;BlackFelt_soil;50;72;690;401;275;206;221
03/05/2021;BlackFelt_soil;50;73,6;661;397;266;197;213
03/05/2021;BlackFelt_soil;50;75,2;672;396;277;202;217
03/05/2021;BlackFelt_soil;50;76,8;664;394;270;202;218
03/05/2021;BlackFelt_soil;50;78,4;645;400;270;200;215
03/05/2021;BlackFelt_soil;50;80;630;385;273;200;215
03/05/2021;BlackFelt_soil;50;81,6;622;391;268;201;217
03/05/2021;BlackFelt_soil;50;83,2;584;381;264;195;209
03/05/2021;BlackFelt_soil;50;84,8;569;368;266;196;211
03/05/2021;BlackFelt_soil;50;86,4;548;372;258;193;208
03/05/2021;BlackFelt_soil;50;88;509;360;256;187;201
03/05/2021;BlackFelt_soil;50;89,6;497;353;258;192;205
03/05/2021;BlackFelt_soil;50;91,2;473;356;252;188;201
03/05/2021;BlackFelt_soil;50;92,8;451;353;259;189;198
03/05/2021;BlackFelt_soil;50;94,4;441;347;258;191;195
03/05/2021;BlackFelt_soil;50;96;415;348;250;184;186
03/05/2021;BlackFelt_soil;50;97,6;391;338;253;183;191
03/05/2021;BlackFelt_soil;50;99,2;385;329;250;184;197
03/05/2021;BlackFelt_soil;50;100,8;360;331;243;176;190
03/05/2021;BlackFelt_soil;50;102,4;346;323;249;178;194
03/05/2021;BlackFelt_soil;60;1,6;117;237;216;175;181
03/05/2021;BlackFelt_soil;60;3,2;148;235;210;172;184
03/05/2021;BlackFelt_soil;60;4,8;174;246;216;170;182
03/05/2021;BlackFelt_soil;60;6,4;190;247;222;179;185
03/05/2021;BlackFelt_soil;60;8;212;246;217;175;185
03/05/2021;BlackFelt_soil;60;9,6;232;255;221;173;183
03/05/2021;BlackFelt_soil;60;11,2;246;253;221;177;189
03/05/2021;BlackFelt_soil;60;12,8;269;262;221;175;190
03/05/2021;BlackFelt_soil;60;14,4;286;274;230;180;190
03/05/2021;BlackFelt_soil;60;16;291;267;224;180;192
03/05/2021;BlackFelt_soil;60;17,6;316;281;226;180;191
03/05/2021;BlackFelt_soil;60;19,2;326;283;233;184;192
03/05/2021;BlackFelt_soil;60;20,8;346;286;232;186;198
03/05/2021;BlackFelt_soil;60;22,4;371;300;236;184;196
03/05/2021;BlackFelt_soil;60;24;387;306;243;191;200
03/05/2021;BlackFelt_soil;60;25,6;414;313;243;191;205
03/05/2021;BlackFelt_soil;60;27,2;449;330;252;193;204
03/05/2021;BlackFelt_soil;60;28,8;454;326;249;195;206
03/05/2021;BlackFelt_soil;60;30,4;481;328;246;191;204
03/05/2021;BlackFelt_soil;60;32;502;340;253;194;203
03/05/2021;BlackFelt_soil;60;33,6;510;338;250;196;208
03/05/2021;BlackFelt_soil;60;35,2;538;342;249;191;205
03/05/2021;BlackFelt_soil;60;36,8;555;353;257;196;205
03/05/2021;BlackFelt_soil;60;38,4;564;353;253;196;210
03/05/2021;BlackFelt_soil;60;40;591;358;256;194;207
03/05/2021;BlackFelt_soil;60;41,6;602;370;262;200;210
03/05/2021;BlackFelt_soil;60;43,2;613;371;261;200;215
03/05/2021;BlackFelt_soil;60;44,8;626;373;262;196;208
03/05/2021;BlackFelt_soil;60;46,4;632;382;266;202;214
03/05/2021;BlackFelt_soil;60;48;639;381;265;200;216
03/05/2021;BlackFelt_soil;60;49,6;652;387;268;199;210
03/05/2021;BlackFelt_soil;60;51,2;646;388;267;202;216
03/05/2021;BlackFelt_soil;60;52,8;647;385;265;199;215
03/05/2021;BlackFelt_soil;60;54,4;670;395;272;200;212
03/05/2021;BlackFelt_soil;60;56;646;386;263;198;212
03/05/2021;BlackFelt_soil;60;57,6;664;389;267;199;214
03/05/2021;BlackFelt_soil;60;59,2;682;401;275;203;213
03/05/2021;BlackFelt_soil;60;60,8;658;387;264;198;214
03/05/2021;BlackFelt_soil;60;62,4;662;383;265;196;209
03/05/2021;BlackFelt_soil;60;64;689;397;272;202;213
03/05/2021;BlackFelt_soil;60;65,6;680;393;267;200;216
03/05/2021;BlackFelt_soil;60;67,2;690;390;271;199;212
03/05/2021;BlackFelt_soil;60;68,8;694;396;270;202;214
03/05/2021;BlackFelt_soil;60;70,4;700;397;272;203;219
03/05/2021;BlackFelt_soil;60;72;703;391;275;201;213
03/05/2021;BlackFelt_soil;60;73,6;688;392;266;200;214
03/05/2021;BlackFelt_soil;60;75,2;685;389;269;200;215
03/05/2021;BlackFelt_soil;60;76,8;683;385;272;200;211
03/05/2021;BlackFelt_soil;60;78,4;676;392;269;202;218
03/05/2021;BlackFelt_soil;60;80;640;377;265;196;210
03/05/2021;BlackFelt_soil;60;81,6;647;382;271;201;212
03/05/2021;BlackFelt_soil;60;83,2;610;374;261;196;211
03/05/2021;BlackFelt_soil;60;84,8;579;363;261;191;205
03/05/2021;BlackFelt_soil;60;86,4;572;363;261;195;206
03/05/2021;BlackFelt_soil;60;88;532;355;252;187;203
03/05/2021;BlackFelt_soil;60;89,6;507;345;256;187;199
03/05/2021;BlackFelt_soil;60;91,2;499;350;254;190;202
03/05/2021;BlackFelt_soil;60;92,8;475;350;253;188;202
03/05/2021;BlackFelt_soil;60;94,4;450;340;258;188;199
03/05/2021;BlackFelt_soil;60;96;437;340;252;187;201
03/05/2021;BlackFelt_soil;60;97,6;409;333;248;182;196
03/05/2021;BlackFelt_soil;60;99,2;393;326;253;183;194
03/05/2021;BlackFelt_soil;60;100,8;380;326;244;181;194
03/05/2021;BlackFelt_soil;60;102,4;356;321;246;179;190
03/05/2021;BlackFelt_soil;70;1,6;111;224;205;169;176
03/05/2021;BlackFelt_soil;70;3,2;138;226;207;171;179
03/05/2021;BlackFelt_soil;70;4,8;162;234;211;168;181
03/05/2021;BlackFelt_soil;70;6,4;178;234;212;172;178
03/05/2021;BlackFelt_soil;70;8;197;238;216;174;182
03/05/2021;BlackFelt_soil;70;9,6;220;241;214;169;182
03/05/2021;BlackFelt_soil;70;11,2;235;241;213;172;181
03/05/2021;BlackFelt_soil;70;12,8;252;253;221;174;188
03/05/2021;BlackFelt_soil;70;14,4;276;259;221;174;188
03/05/2021;BlackFelt_soil;70;16;281;255;217;177;185
03/05/2021;BlackFelt_soil;70;17,6;301;270;226;178;190
03/05/2021;BlackFelt_soil;70;19,2;320;269;222;177;186
03/05/2021;BlackFelt_soil;70;20,8;336;278;229;184;191
03/05/2021;BlackFelt_soil;70;22,4;356;289;233;181;194
03/05/2021;BlackFelt_soil;70;24;380;289;232;183;193
03/05/2021;BlackFelt_soil;70;25,6;400;303;242;189;200
03/05/2021;BlackFelt_soil;70;27,2;434;315;244;188;202
03/05/2021;BlackFelt_soil;70;28,8;449;309;240;189;197
03/05/2021;BlackFelt_soil;70;30,4;463;319;246;189;202
03/05/2021;BlackFelt_soil;70;32;493;323;243;186;198
03/05/2021;BlackFelt_soil;70;33,6;508;323;243;190;198
03/05/2021;BlackFelt_soil;70;35,2;520;334;249;188;202
03/05/2021;BlackFelt_soil;70;36,8;548;336;246;187;199
03/05/2021;BlackFelt_soil;70;38,4;559;337;249;192;201
03/05/2021;BlackFelt_soil;70;40;571;351;253;190;205
03/05/2021;BlackFelt_soil;70;41,6;597;350;250;190;202
03/05/2021;BlackFelt_soil;70;43,2;606;357;259;197;208
03/05/2021;BlackFelt_soil;70;44,8;607;364;256;190;205
03/05/2021;BlackFelt_soil;70;46,4;632;362;255;193;204
03/05/2021;BlackFelt_soil;70;48;634;368;265;197;212
03/05/2021;BlackFelt_soil;70;49,6;632;373;259;191;206
03/05/2021;BlackFelt_soil;70;51,2;648;369;257;194;205
03/05/2021;BlackFelt_soil;70;52,8;640;371;265;195;210
03/05/2021;BlackFelt_soil;70;54,4;644;382;261;192;207
03/05/2021;BlackFelt_soil;70;56;644;365;254;191;201
03/05/2021;BlackFelt_soil;70;57,6;651;377;267;195;210
03/05/2021;BlackFelt_soil;70;59,2;661;385;262;192;206
03/05/2021;BlackFelt_soil;70;60,8;658;369;258;193;203
03/05/2021;BlackFelt_soil;70;62,4;650;373;262;190;206
03/05/2021;BlackFelt_soil;70;64;674;382;259;191;203
03/05/2021;BlackFelt_soil;70;65,6;686;376;265;196;208
03/05/2021;BlackFelt_soil;70;67,2;674;380;264;191;207
03/05/2021;BlackFelt_soil;70;68,8;690;378;258;191;202
03/05/2021;BlackFelt_soil;70;70,4;707;379;272;198;213
03/05/2021;BlackFelt_soil;70;72;686;383;264;192;206
03/05/2021;BlackFelt_soil;70;73,6;692;370;257;192;202
03/05/2021;BlackFelt_soil;70;75,2;690;373;269;195;211
03/05/2021;BlackFelt_soil;70;76,8;662;376;259;189;203
03/05/2021;BlackFelt_soil;70;78,4;682;372;263;196;207
03/05/2021;BlackFelt_soil;70;80;640;362;263;190;206
03/05/2021;BlackFelt_soil;70;81,6;626;370;258;190;203
03/05/2021;BlackFelt_soil;70;83,2;617;354;258;191;204
03/05/2021;BlackFelt_soil;70;84,8;577;348;256;185;201
03/05/2021;BlackFelt_soil;70;86,4;554;351;249;185;197
03/05/2021;BlackFelt_soil;70;88;537;336;251;184;198
03/05/2021;BlackFelt_soil;70;89,6;502;334;248;180;196
03/05/2021;BlackFelt_soil;70;91,2;483;336;244;183;193
03/05/2021;BlackFelt_soil;70;92,8;479;329;254;186;201
03/05/2021;BlackFelt_soil;70;94,4;443;325;249;181;197
03/05/2021;BlackFelt_soil;70;96;422;326;245;183;194
03/05/2021;BlackFelt_soil;70;97,6;409;313;250;181;198
03/05/2021;BlackFelt_soil;70;99,2;378;312;243;179;193
03/05/2021;BlackFelt_soil;70;100,8;362;310;241;182;193
03/05/2021;BlackFelt_soil;70;102,4;349;302;246;179;196
03/05/2021;BlackFelt_soil;80;1,6;93;214;198;165;171
03/05/2021;BlackFelt_soil;80;3,2;118;210;197;161;174
03/05/2021;BlackFelt_soil;80;4,8;138;218;204;166;176
03/05/2021;BlackFelt_soil;80;6,4;150;222;204;166;173
03/05/2021;BlackFelt_soil;80;8;168;219;205;166;177
03/05/2021;BlackFelt_soil;80;9,6;185;226;207;168;176
03/05/2021;BlackFelt_soil;80;11,2;198;227;204;164;176
03/05/2021;BlackFelt_soil;80;12,8;217;231;210;168;183
03/05/2021;BlackFelt_soil;80;14,4;232;244;213;172;182
03/05/2021;BlackFelt_soil;80;16;239;238;207;167;179
03/05/2021;BlackFelt_soil;80;17,6;259;246;217;175;184
03/05/2021;BlackFelt_soil;80;19,2;268;254;214;173;181
03/05/2021;BlackFelt_soil;80;20,8;284;257;217;174;185
03/05/2021;BlackFelt_soil;80;22,4;301;266;225;179;188
03/05/2021;BlackFelt_soil;80;24;316;274;223;177;187
03/05/2021;BlackFelt_soil;80;25,6;339;279;230;180;194
03/05/2021;BlackFelt_soil;80;27,2;365;292;236;186;196
03/05/2021;BlackFelt_soil;80;28,8;371;291;230;180;191
03/05/2021;BlackFelt_soil;80;30,4;395;292;235;183;196
03/05/2021;BlackFelt_soil;80;32;411;304;235;183;192
03/05/2021;BlackFelt_soil;80;33,6;424;305;232;180;192
03/05/2021;BlackFelt_soil;80;35,2;447;304;238;184;196
03/05/2021;BlackFelt_soil;80;36,8;461;317;237;183;193
03/05/2021;BlackFelt_soil;80;38,4;471;316;236;181;194
03/05/2021;BlackFelt_soil;80;40;493;319;244;187;198
03/05/2021;BlackFelt_soil;80;41,6;502;332;241;184;195
03/05/2021;BlackFelt_soil;80;43,2;512;332;245;186;201
03/05/2021;BlackFelt_soil;80;44,8;524;331;247;188;198
03/05/2021;BlackFelt_soil;80;46,4;528;341;244;185;197
03/05/2021;BlackFelt_soil;80;48;537;341;251;189;205
03/05/2021;BlackFelt_soil;80;49,6;546;340;249;188;199
03/05/2021;BlackFelt_soil;80;51,2;540;347;245;184;197
03/05/2021;BlackFelt_soil;80;52,8;541;343;250;188;203
03/05/2021;BlackFelt_soil;80;54,4;558;346;251;189;199
03/05/2021;BlackFelt_soil;80;56;534;343;241;181;194
03/05/2021;BlackFelt_soil;80;57,6;553;346;254;189;203
03/05/2021;BlackFelt_soil;80;59,2;569;351;251;188;199
03/05/2021;BlackFelt_soil;80;60,8;547;348;244;181;196
03/05/2021;BlackFelt_soil;80;62,4;558;342;251;186;198
03/05/2021;BlackFelt_soil;80;64;577;351;248;184;196
03/05/2021;BlackFelt_soil;80;65,6;569;353;250;185;200
03/05/2021;BlackFelt_soil;80;67,2;584;346;254;188;199
03/05/2021;BlackFelt_soil;80;68,8;585;353;246;182;195
03/05/2021;BlackFelt_soil;80;70,4;591;356;257;190;205
03/05/2021;BlackFelt_soil;80;72;600;348;253;188;199
03/05/2021;BlackFelt_soil;80;73,6;583;348;244;181;194
03/05/2021;BlackFelt_soil;80;75,2;580;349;256;189;203
03/05/2021;BlackFelt_soil;80;76,8;583;341;250;184;196
03/05/2021;BlackFelt_soil;80;78,4;573;351;249;184;199
03/05/2021;BlackFelt_soil;80;80;545;337;253;187;200
03/05/2021;BlackFelt_soil;80;81,6;555;338;248;184;196
03/05/2021;BlackFelt_soil;80;83,2;518;337;245;181;197
03/05/2021;BlackFelt_soil;80;84,8;492;324;247;183;195
03/05/2021;BlackFelt_soil;80;86,4;489;322;240;178;190
03/05/2021;BlackFelt_soil;80;88;452;320;238;176;192
03/05/2021;BlackFelt_soil;80;89,6;431;308;241;179;190
03/05/2021;BlackFelt_soil;80;91,2;425;308;235;174;187
03/05/2021;BlackFelt_soil;80;92,8;400;313;243;180;195
03/05/2021;BlackFelt_soil;80;94,4;379;303;242;179;191
03/05/2021;BlackFelt_soil;80;96;368;300;234;174;188
03/05/2021;BlackFelt_soil;80;97,6;341;299;239;178;192
03/05/2021;BlackFelt_soil;80;99,2;326;289;235;176;188
03/05/2021;BlackFelt_soil;80;100,8;316;290;230;172;187
03/05/2021;BlackFelt_soil;80;102,4;293;288;237;178;190
03/05/2021;BlackFelt_soil;90;1,6;81;194;189;157;165
03/05/2021;BlackFelt_soil;90;3,2;100;199;188;158;168
03/05/2021;BlackFelt_soil;90;4,8;116;198;195;158;166
03/05/2021;BlackFelt_soil;90;6,4;124;202;194;158;169
03/05/2021;BlackFelt_soil;90;8;137;204;195;161;169
03/05/2021;BlackFelt_soil;90;9,6;150;203;197;158;167
03/05/2021;BlackFelt_soil;90;11,2;159;207;194;156;172
03/05/2021;BlackFelt_soil;90;12,8;172;213;199;162;172
03/05/2021;BlackFelt_soil;90;14,4;183;217;203;162;172
03/05/2021;BlackFelt_soil;90;16;187;220;197;161;174
03/05/2021;BlackFelt_soil;90;17,6;201;225;206;166;173
03/05/2021;BlackFelt_soil;90;19,2;206;226;203;163;173
03/05/2021;BlackFelt_soil;90;20,8;217;239;207;168;179
03/05/2021;BlackFelt_soil;90;22,4;229;240;214;169;177
03/05/2021;BlackFelt_soil;90;24;238;246;213;168;182
03/05/2021;BlackFelt_soil;90;25,6;254;258;218;175;185
03/05/2021;BlackFelt_soil;90;27,2;270;262;225;175;186
03/05/2021;BlackFelt_soil;90;28,8;276;265;219;173;187
03/05/2021;BlackFelt_soil;90;30,4;292;270;223;177;185
03/05/2021;BlackFelt_soil;90;32;302;270;223;173;183
03/05/2021;BlackFelt_soil;90;33,6;310;278;220;174;188
03/05/2021;BlackFelt_soil;90;35,2;325;280;226;176;184
03/05/2021;BlackFelt_soil;90;36,8;334;281;225;173;184
03/05/2021;BlackFelt_soil;90;38,4;342;290;224;176;188
03/05/2021;BlackFelt_soil;90;40;358;290;232;177;185
03/05/2021;BlackFelt_soil;90;41,6;362;292;228;174;188
03/05/2021;BlackFelt_soil;90;43,2;373;306;232;181;192
03/05/2021;BlackFelt_soil;90;44,8;379;299;233;177;186
03/05/2021;BlackFelt_soil;90;46,4;382;303;230;177;191
03/05/2021;BlackFelt_soil;90;48;389;314;236;184;194
03/05/2021;BlackFelt_soil;90;49,6;393;305;235;178;188
03/05/2021;BlackFelt_soil;90;51,2;388;308;231;178;192
03/05/2021;BlackFelt_soil;90;52,8;392;316;236;182;191
03/05/2021;BlackFelt_soil;90;54,4;401;311;236;178;188
03/05/2021;BlackFelt_soil;90;56;385;304;227;174;188
03/05/2021;BlackFelt_soil;90;57,6;402;319;238;181;190
03/05/2021;BlackFelt_soil;90;59,2;410;312;235;176;188
03/05/2021;BlackFelt_soil;90;60,8;395;310;228;174;187
03/05/2021;BlackFelt_soil;90;62,4;407;314;235;175;183
03/05/2021;BlackFelt_soil;90;64;418;311;232;174;186
03/05/2021;BlackFelt_soil;90;65,6;416;319;234;178;190
03/05/2021;BlackFelt_soil;90;67,2;430;319;237;177;186
03/05/2021;BlackFelt_soil;90;68,8;428;309;230;174;188
03/05/2021;BlackFelt_soil;90;70,4;433;326;240;183;193
03/05/2021;BlackFelt_soil;90;72;443;317;237;176;187
03/05/2021;BlackFelt_soil;90;73,6;427;306;229;173;188
03/05/2021;BlackFelt_soil;90;75,2;427;321;240;180;189
03/05/2021;BlackFelt_soil;90;76,8;431;310;233;172;184
03/05/2021;BlackFelt_soil;90;78,4;420;309;234;176;190
03/05/2021;BlackFelt_soil;90;80;401;313;237;175;184
03/05/2021;BlackFelt_soil;90;81,6;407;305;233;172;185
03/05/2021;BlackFelt_soil;90;83,2;379;298;230;173;186
03/05/2021;BlackFelt_soil;90;84,8;366;301;232;170;180
03/05/2021;BlackFelt_soil;90;86,4;362;290;226;167;181
03/05/2021;BlackFelt_soil;90;88;335;284;225;168;180
03/05/2021;BlackFelt_soil;90;89,6;322;287;227;166;176
03/05/2021;BlackFelt_soil;90;91,2;319;277;221;164;179
03/05/2021;BlackFelt_soil;90;92,8;298;282;229;170;180
03/05/2021;BlackFelt_soil;90;94,4;290;281;228;165;177
03/05/2021;BlackFelt_soil;90;96;281;269;222;163;180
03/05/2021;BlackFelt_soil;90;97,6;262;271;226;166;177
03/05/2021;BlackFelt_soil;90;99,2;255;268;222;162;175
03/05/2021;BlackFelt_soil;90;100,8;243;257;217;161;177
03/05/2021;BlackFelt_soil;90;102,4;228;265;224;163;175
03/05/2021;BlackFelt_soil;95;1,6;74;189;187;159;162
03/05/2021;BlackFelt_soil;95;3,2;92;188;183;153;161
03/05/2021;BlackFelt_soil;95;4,8;103;194;186;153;165
03/05/2021;BlackFelt_soil;95;6,4;111;192;193;159;162
03/05/2021;BlackFelt_soil;95;8;123;192;188;155;163
03/05/2021;BlackFelt_soil;95;9,6;132;196;188;156;166
03/05/2021;BlackFelt_soil;95;11,2;141;195;191;156;164
03/05/2021;BlackFelt_soil;95;12,8;152;203;190;154;169
03/05/2021;BlackFelt_soil;95;14,4;160;210;197;161;171
03/05/2021;BlackFelt_soil;95;16;166;206;194;158;165
03/05/2021;BlackFelt_soil;95;17,6;177;218;195;160;171
03/05/2021;BlackFelt_soil;95;19,2;182;218;201;165;169
03/05/2021;BlackFelt_soil;95;20,8;194;223;202;164;171
03/05/2021;BlackFelt_soil;95;22,4;201;233;203;164;176
03/05/2021;BlackFelt_soil;95;24;210;234;211;170;176
03/05/2021;BlackFelt_soil;95;25,6;225;243;211;169;180
03/05/2021;BlackFelt_soil;95;27,2;236;253;216;174;185
03/05/2021;BlackFelt_soil;95;28,8;242;249;217;173;179
03/05/2021;BlackFelt_soil;95;30,4;255;257;213;170;182
03/05/2021;BlackFelt_soil;95;32;262;260;217;173;182
03/05/2021;BlackFelt_soil;95;33,6;273;259;218;172;179
03/05/2021;BlackFelt_soil;95;35,2;283;268;214;169;183
03/05/2021;BlackFelt_soil;95;36,8;290;268;221;174;182
03/05/2021;BlackFelt_soil;95;38,4;302;270;220;172;180
03/05/2021;BlackFelt_soil;95;40;311;279;219;172;186
03/05/2021;BlackFelt_soil;95;41,6;315;278;226;176;183
03/05/2021;BlackFelt_soil;95;43,2;330;284;225;175;185
03/05/2021;BlackFelt_soil;95;44,8;326;286;221;174;186
03/05/2021;BlackFelt_soil;95;46,4;329;285;227;178;184
03/05/2021;BlackFelt_soil;95;48;343;293;225;176;190
03/05/2021;BlackFelt_soil;95;49,6;337;292;225;177;188
03/05/2021;BlackFelt_soil;95;51,2;337;288;228;177;185
03/05/2021;BlackFelt_soil;95;52,8;347;291;225;174;188
03/05/2021;BlackFelt_soil;95;54,4;349;295;227;178;188
03/05/2021;BlackFelt_soil;95;56;340;284;222;173;181
03/05/2021;BlackFelt_soil;95;57,6;359;296;223;174;188
03/05/2021;BlackFelt_soil;95;59,2;356;298;228;178;185
03/05/2021;BlackFelt_soil;95;60,8;349;287;221;171;179
03/05/2021;BlackFelt_soil;95;62,4;364;294;219;170;184
03/05/2021;BlackFelt_soil;95;64;362;295;227;176;182
03/05/2021;BlackFelt_soil;95;65,6;367;293;223;173;183
03/05/2021;BlackFelt_soil;95;67,2;380;300;223;174;187
03/05/2021;BlackFelt_soil;95;68,8;370;294;225;175;181
03/05/2021;BlackFelt_soil;95;70,4;387;300;225;176;189
03/05/2021;BlackFelt_soil;95;72;387;302;226;176;186
03/05/2021;BlackFelt_soil;95;73,6;370;292;223;172;179
03/05/2021;BlackFelt_soil;95;75,2;384;295;223;172;186
03/05/2021;BlackFelt_soil;95;76,8;374;298;225;173;181
03/05/2021;BlackFelt_soil;95;78,4;364;293;226;172;181
03/05/2021;BlackFelt_soil;95;80;362;288;221;167;184
03/05/2021;BlackFelt_soil;95;81,6;354;293;228;172;181
03/05/2021;BlackFelt_soil;95;83,2;333;280;221;167;178
03/05/2021;BlackFelt_soil;95;84,8;332;279;218;165;180
03/05/2021;BlackFelt_soil;95;86,4;313;277;222;167;175
03/05/2021;BlackFelt_soil;95;88;294;265;214;160;174
03/05/2021;BlackFelt_soil;95;89,6;294;269;216;161;176
03/05/2021;BlackFelt_soil;95;91,2;276;265;218;162;171
03/05/2021;BlackFelt_soil;95;92,8;268;262;216;160;176
03/05/2021;BlackFelt_soil;95;94,4;267;266;219;162;175
03/05/2021;BlackFelt_soil;95;96;247;256;217;159;169
03/05/2021;BlackFelt_soil;95;97,6;237;250;212;155;172
03/05/2021;BlackFelt_soil;95;99,2;233;253;216;158;171
03/05/2021;BlackFelt_soil;95;100,8;215;243;212;154;167
03/05/2021;BlackFelt_soil;95;102,4;211;243;210;152;173