Time,Plant,Scenario,flux
2021-04-01T20:39:16.310100Z,P1,800ppm,3.5602
2021-04-01T20:49:15.154700Z,P1,800ppm,2.0517
2021-04-01T20:59:14.556300Z,P1,800ppm,-0.2115
2021-04-01T22:09:13.839700Z,P1,800ppm,-0.8851
2021-04-01T22:19:12.802400Z,P1,800ppm,-0.7701
2021-04-01T22:29:12.460200Z,P1,800ppm,-0.6843
2021-04-01T22:39:11.749700Z,P1,800ppm,-0.6246
2021-04-01T22:49:12.236800Z,P1,800ppm,-0.5761
2021-04-01T22:59:12.526700Z,P1,800ppm,-0.5414
2021-04-01T23:09:12.284400Z,P1,800ppm,-0.5123
2021-04-01T23:19:11.296500Z,P1,800ppm,-0.4862
2021-04-01T23:29:12.590200Z,P1,800ppm,-0.4666
2021-04-01T23:39:11.046700Z,P1,800ppm,-0.4511
2021-04-01T23:49:10.879Z,P1,800ppm,-0.4522
2021-04-01T23:59:10.777500Z,P1,800ppm,-0.4403
2021-04-01T23:59:10.777500Z,P1,800ppm,-0.4403
2021-04-01T23:59:10.777500Z,P1,800ppm,-0.4403
2021-04-02T13:58:48.109600Z,P1,DryCold,-0.043
2021-04-02T15:08:45.301Z,P5,DryCold,-0.4735
2021-04-02T15:18:44.801200Z,P5,DryCold,0.399
2021-04-02T15:28:44.267600Z,P5,DryCold,0.9562
2021-04-02T15:38:44.407Z,P5,DryCold,1.3082
2021-04-02T15:48:44.351900Z,P5,DryCold,1.5306
2021-04-02T15:58:43.295Z,P5,DryCold,1.6645
2021-04-02T16:08:43.926700Z,P5,DryCold,1.7553
2021-04-02T16:18:43.418Z,P5,DryCold,1.8135
2021-04-02T16:28:42.713500Z,P5,DryCold,1.8457
2021-04-02T16:38:42.597100Z,P5,DryCold,1.8614
2021-04-02T16:38:42.597100Z,P5,DryCold,1.8614
2021-04-02T16:38:42.597100Z,P5,DryCold,1.8614
2021-04-03T20:27:52.700900Z,P5,Cold,-0.9956
2021-04-03T20:37:52.323300Z,P5,Cold,0.9305
2021-04-03T20:47:53.093700Z,P5,Cold,1.4445
2021-04-03T20:57:52.548500Z,P5,Cold,1.4061
2021-04-03T21:07:52.464200Z,P5,Cold,1.178
2021-04-03T21:17:51.876400Z,P5,Cold,0.8955
2021-04-03T21:27:52.019900Z,P5,Cold,0.6605
2021-04-03T21:37:50.189200Z,P5,Cold,0.4493
2021-04-03T21:47:51.023600Z,P5,Cold,0.2914
2021-04-03T21:57:50.214200Z,P5,Cold,0.1713
2021-04-03T22:07:50.130400Z,P5,Cold,0.0902
2021-04-03T22:17:50.231Z,P5,Cold,0.0342
2021-04-03T22:27:49.650800Z,P5,Cold,-0.0243
2021-04-03T22:37:48.486900Z,P5,Cold,-0.0611
2021-04-03T22:47:49.004900Z,P5,Cold,-0.0886
2021-04-03T22:57:49.325Z,P5,Cold,-0.1114
2021-04-03T23:07:48.164100Z,P5,Cold,-0.1169
2021-04-03T23:17:47.740800Z,P5,Cold,-0.1232
2021-04-03T23:27:46.955Z,P5,Cold,-0.1363
2021-04-03T23:37:47.486600Z,P5,Cold,-0.1413
2021-04-03T23:47:46.609Z,P5,Cold,-0.1397
2021-04-03T23:57:45.930500Z,P5,Cold,-0.1411
2021-04-03T23:57:45.930500Z,P5,Cold,-0.1411
2021-04-03T23:57:45.930500Z,P5,Cold,-0.1411
2021-04-04T19:57:11.788900Z,P5,800ppm,-0.2588
2021-04-04T20:07:10.636300Z,P5,800ppm,-0.092
2021-04-04T20:17:11.679300Z,P5,800ppm,3.6208
2021-04-04T20:27:11.881Z,P5,800ppm,0.9193
2021-04-04T20:37:10.245200Z,P5,800ppm,-0.6467
2021-04-04T21:27:09.175900Z,P5,800ppm,-0.9484
2021-04-04T21:37:07.956600Z,P5,800ppm,-0.7999
2021-04-04T21:47:07.443300Z,P5,800ppm,-0.6775
2021-04-04T21:57:08.518100Z,P5,800ppm,-0.5821
2021-04-04T22:07:08.062800Z,P5,800ppm,-0.5033
2021-04-04T22:17:08.025200Z,P5,800ppm,-0.4459
2021-04-04T22:27:07.074200Z,P5,800ppm,-0.4083
2021-04-04T22:37:07.624400Z,P5,800ppm,-0.3822
2021-04-04T22:47:07.613900Z,P5,800ppm,-0.3561
2021-04-04T22:57:07.189600Z,P5,800ppm,-0.3383
2021-04-04T23:07:06.529900Z,P5,800ppm,-0.3258
2021-04-04T23:17:05.685500Z,P5,800ppm,-0.3131
2021-04-04T23:27:05.871400Z,P5,800ppm,-0.3002
2021-04-04T23:37:06.337500Z,P5,800ppm,-0.2898
2021-04-04T23:47:04.782900Z,P5,800ppm,-0.2866
2021-04-04T23:57:05.149400Z,P5,800ppm,-0.2773
2021-04-04T23:57:05.149400Z,P5,800ppm,-0.2773
2021-04-04T23:57:05.149400Z,P5,800ppm,-0.2773
2021-04-04T23:57:05.149400Z,P5,800ppm,-0.2773
2021-04-04T23:57:05.149400Z,P5,800ppm,-0.2773
2021-04-04T23:57:05.149400Z,P5,800ppm,-0.2773
2021-04-04T23:57:05.149400Z,P5,800ppm,-0.2773
2021-04-07T08:35:25.524600Z,P5,DryHot,-0.9177
2021-04-07T08:45:24.884900Z,P5,DryHot,-0.0949
2021-04-07T08:55:25.869400Z,P5,DryHot,0.3687
2021-04-07T09:05:24.787300Z,P5,DryHot,0.6719
2021-04-07T09:15:25.297200Z,P5,DryHot,0.8134
2021-04-07T09:25:24.607700Z,P5,DryHot,0.9267
2021-04-07T09:35:23.831900Z,P5,DryHot,0.9738
2021-04-07T09:45:24.071100Z,P5,DryHot,1.0165
2021-04-07T09:45:24.071100Z,P5,DryHot,1.0165
2021-04-07T09:45:24.071100Z,P5,DryHot,1.0165
2021-04-08T08:44:43.300600Z,P5,Cold,-0.7324
2021-04-08T08:54:42.877Z,P5,Cold,0.3458
2021-04-08T09:04:42.679400Z,P5,Cold,1.02
2021-04-08T09:14:40.864600Z,P5,Cold,1.452
2021-04-08T09:24:41.354900Z,P5,Cold,1.7385
2021-04-08T09:34:41.698800Z,P5,Cold,1.9263
2021-04-08T09:44:40.329800Z,P5,Cold,2.0482
2021-04-08T09:54:40.647600Z,P5,Cold,2.1274
2021-04-08T12:04:36.314100Z,P2,Cold,0.0907
2021-04-08T12:14:36.433300Z,P2,Cold,0.82
2021-04-08T12:24:35.657900Z,P2,Cold,1.2878
2021-04-08T12:34:35.317800Z,P2,Cold,1.5805
2021-04-08T12:44:34.979800Z,P2,Cold,1.7651
2021-04-08T12:54:34.960Z,P2,Cold,1.8848
2021-04-08T13:04:34.534Z,P2,Cold,1.9553
2021-04-08T13:14:34.151300Z,P2,Cold,1.9936
2021-04-08T13:24:34.750300Z,P2,Cold,2.0185
2021-04-08T20:34:23.961200Z,P2,Cold,0.2948
2021-04-08T20:44:24.385800Z,P2,Cold,1.1421
2021-04-08T20:54:22.857800Z,P2,Cold,1.2628
2021-04-08T21:04:23.020900Z,P2,Cold,1.1345
2021-04-08T21:14:22.681100Z,P2,Cold,0.9174
2021-04-08T21:24:23.149300Z,P2,Cold,0.691
2021-04-08T21:34:22.678800Z,P2,Cold,0.4969
2021-04-08T21:44:21.761900Z,P2,Cold,0.3244
2021-04-08T21:54:20.902900Z,P2,Cold,0.1999
2021-04-08T22:04:21.741900Z,P2,Cold,0.1153
2021-04-08T22:14:22.021100Z,P2,Cold,0.0479
2021-04-08T22:24:19.908200Z,P2,Cold,-0.0091
2021-04-08T22:34:19.578Z,P2,Cold,-0.0596
2021-04-08T22:44:20.507200Z,P2,Cold,-0.0888
2021-04-08T22:54:19.540900Z,P2,Cold,-0.1117
2021-04-08T23:04:19.231500Z,P2,Cold,-0.1257
2021-04-08T23:14:19.152Z,P2,Cold,-0.1246
2021-04-08T23:24:19.279600Z,P2,Cold,-0.1448
2021-04-08T23:34:19.602800Z,P2,Cold,-0.1373
2021-04-08T23:44:18.244700Z,P2,Cold,-0.1451
2021-04-08T23:54:17.615900Z,P2,Cold,-0.1495
2021-04-08T23:54:17.615900Z,P2,Cold,-0.1495
2021-04-08T23:54:17.615900Z,P2,Cold,-0.1495
2021-04-08T23:54:17.615900Z,P2,Cold,-0.1495
2021-04-09T20:03:40.990200Z,P2,800ppm,4.4081
2021-04-09T20:13:41.753300Z,P2,800ppm,1.2999
2021-04-09T20:23:41.112800Z,P2,800ppm,-0.6679
2021-04-09T21:23:39.106400Z,P2,800ppm,-0.9049
2021-04-09T21:33:39.363200Z,P2,800ppm,-0.7692
2021-04-09T21:43:37.481900Z,P2,800ppm,-0.6586
2021-04-09T21:53:37.330900Z,P2,800ppm,-0.5786
2021-04-09T22:03:37.664200Z,P2,800ppm,-0.5167
2021-04-09T22:13:38.154500Z,P2,800ppm,-0.4677
2021-04-09T22:23:37.720600Z,P2,800ppm,-0.4357
2021-04-09T22:33:36.425400Z,P2,800ppm,-0.4051
2021-04-09T22:43:37.190600Z,P2,800ppm,-0.396
2021-04-09T22:53:37.482100Z,P2,800ppm,-0.3797
2021-04-09T23:03:35.941100Z,P2,800ppm,-0.3615
2021-04-09T23:13:35.317Z,P2,800ppm,-0.3517
2021-04-09T23:23:35.845300Z,P2,800ppm,-0.3394
2021-04-09T23:33:34.236100Z,P2,800ppm,-0.3305
2021-04-09T23:43:34.055800Z,P2,800ppm,-0.3234
2021-04-09T23:53:33.707200Z,P2,800ppm,-0.3097
2021-04-09T23:53:33.707200Z,P2,800ppm,-0.3097
2021-04-09T23:53:33.707200Z,P2,800ppm,-0.3097
2021-04-09T23:53:33.707200Z,P2,800ppm,-0.3097
2021-04-09T23:53:33.707200Z,P2,800ppm,-0.3097
2021-04-09T23:53:33.707200Z,P2,800ppm,-0.3097
2021-04-09T23:53:33.707200Z,P2,800ppm,-0.3097
2021-04-09T23:53:33.707200Z,P2,800ppm,-0.3097
2021-04-09T23:53:33.707200Z,P2,800ppm,-0.3097
2021-04-09T23:53:33.707200Z,P2,800ppm,-0.3097
2021-04-09T23:53:33.707200Z,P2,800ppm,-0.3097
2021-04-09T23:53:33.707200Z,P2,800ppm,-0.3097
2021-04-09T23:53:33.707200Z,P2,800ppm,-0.3097
2021-04-09T23:53:33.707200Z,P2,800ppm,-0.3097
2021-04-13T11:31:07.632500Z,P2,Cold,1.2588
2021-04-13T14:41:02.573600Z,P3,Cold,-0.6162
2021-04-13T14:51:02.810400Z,P3,Cold,0.0865
2021-04-13T15:01:01.963400Z,P3,Cold,0.5058
2021-04-13T15:11:02.363900Z,P3,Cold,0.7593
2021-04-13T15:21:02.711200Z,P3,Cold,0.9209
2021-04-13T15:31:01.757200Z,P3,Cold,1.0247
2021-04-13T15:41:01.119500Z,P3,Cold,1.0817
2021-04-13T15:51:00.357500Z,P3,Cold,1.1189
2021-04-13T16:01:01.137700Z,P3,Cold,1.1342
2021-04-13T16:01:01.137700Z,P3,Cold,1.1342
2021-04-13T16:01:01.137700Z,P3,Cold,1.1342
2021-04-13T16:01:01.137700Z,P3,Cold,1.1342
2021-04-13T16:11:01.280600Z,P3,Cold,1.1428
2021-04-14T21:00:12.082700Z,P3,800ppm,-0.1548
2021-04-14T21:10:10.976Z,P3,800ppm,1.0122
2021-04-14T21:20:10.439900Z,P3,800ppm,1.3137
2021-04-14T21:30:09.904700Z,P3,800ppm,1.2303
2021-04-14T21:40:09.785800Z,P3,800ppm,1.0053
2021-04-14T21:50:10.503200Z,P3,800ppm,0.7548
2021-04-14T22:00:09.871400Z,P3,800ppm,0.5378
2021-04-14T22:10:09.746400Z,P3,800ppm,0.3743
2021-04-14T22:20:08.991300Z,P3,800ppm,0.227
2021-04-14T22:30:08.870600Z,P3,800ppm,0.1185
2021-04-14T22:40:08.636500Z,P3,800ppm,0.0284
2021-04-14T22:50:07.810500Z,P3,800ppm,-0.0304
2021-04-14T23:00:07.192900Z,P3,800ppm,-0.0686
2021-04-14T23:10:07.092600Z,P3,800ppm,-0.0951
2021-04-14T23:20:07.046100Z,P3,800ppm,-0.1206
2021-04-14T23:30:06.879100Z,P3,800ppm,-0.129
2021-04-14T23:40:06.303Z,P3,800ppm,-0.1448
2021-04-14T23:50:06.076Z,P3,800ppm,-0.1464
2021-04-14T23:50:06.076Z,P3,800ppm,-0.1464
2021-04-14T23:50:06.076Z,P3,800ppm,-0.1464
2021-04-15T20:39:31.354200Z,P3,DryCold,2.173
2021-04-15T20:49:31.424800Z,P3,DryCold,2.974
2021-04-15T20:59:31.138700Z,P3,DryCold,0.1204
2021-04-15T22:09:28.775300Z,P3,DryCold,-0.8751
2021-04-15T22:19:27.595400Z,P3,DryCold,-0.7533
2021-04-15T22:29:28.496700Z,P3,DryCold,-0.654
2021-04-15T22:39:27.985600Z,P3,DryCold,-0.5804
2021-04-15T22:49:27.717600Z,P3,DryCold,-0.521
2021-04-15T22:59:27.542500Z,P3,DryCold,-0.4792
2021-04-15T23:09:26.556300Z,P3,DryCold,-0.4459
2021-04-15T23:19:27.218400Z,P3,DryCold,-0.4244
2021-04-15T23:29:26.608500Z,P3,DryCold,-0.402
2021-04-15T23:39:26.606900Z,P3,DryCold,-0.388
2021-04-15T23:49:27.040100Z,P3,DryCold,-0.3744
2021-04-15T23:59:25.975600Z,P3,DryCold,-0.3646
2021-04-15T23:59:25.975600Z,P3,DryCold,-0.3646
2021-04-15T23:59:25.975600Z,P3,DryCold,-0.3646
2021-04-15T23:59:25.975600Z,P3,DryCold,-0.3646
2021-04-15T23:59:25.975600Z,P3,DryCold,-0.3646
2021-03-03T20:49:47.909900Z,P1,Cloudy,-0.403175996482968
2021-03-03T20:49:47.909900Z,P1,Cloudy,-0.403175996482968
2021-03-03T21:09:46.709900Z,P1,Cloudy,-0.633656689814237
2021-03-03T21:19:46.604500Z,P1,Cloudy,0.129400968769523
2021-03-03T21:29:45.817100Z,P1,Cloudy,0.340417284467456
2021-03-03T21:39:45.848400Z,P1,Cloudy,0.339744022427595
2021-03-03T21:49:46.094400Z,P1,Cloudy,0.234220549172363
2021-03-03T21:59:45.318700Z,P1,Cloudy,0.148249405568883
2021-03-03T22:09:45.801400Z,P1,Cloudy,0.0805679553922249
2021-03-03T22:19:45.476600Z,P1,Cloudy,0.0109177430594487
2021-03-03T22:29:44.802900Z,P1,Cloudy,-0.0524257609509495
2021-03-03T22:39:45.230400Z,P1,Cloudy,-0.10325514825405
2021-03-03T22:49:44.386300Z,P1,Cloudy,-0.141919842422358
2021-03-03T22:49:44.386300Z,P1,Cloudy,-0.141919842422358
2021-03-03T22:59:44.668300Z,P1,Cloudy,-0.166997954344549
2021-03-03T23:09:44.287200Z,P1,Cloudy,-0.183783638867907
2021-03-03T23:19:43.059Z,P1,Cloudy,-0.195091796768571
2021-03-03T23:29:44.019800Z,P1,Cloudy,-0.202738149996967
2021-03-03T23:39:43.384800Z,P1,Cloudy,-0.207404507297886
2021-03-03T23:49:43.344100Z,P1,Cloudy,-0.212404439255341
2021-03-03T23:59:42.489200Z,P1,Cloudy,-0.216502185376565
2021-03-03T23:59:42.489200Z,P1,Cloudy,-0.216502185376565
2021-03-03T23:59:42.489200Z,P1,Cloudy,-0.216502185376565
2021-03-03T23:59:42.489200Z,P1,Cloudy,-0.216502185376565
2021-03-05T08:18:50.209200Z,P1,400ppm,4.38043037065917
2021-03-05T08:28:50.013200Z,P1,400ppm,4.18087530128565
2021-03-05T09:28:47.765Z,P1,400ppm,-0.543738005544232
2021-03-05T09:38:47.975100Z,P1,400ppm,0.0904858110494376
2021-03-05T09:48:47.572700Z,P1,400ppm,0.575939800076627
2021-03-05T09:58:46.677Z,P1,400ppm,0.921038345776381
2021-03-05T10:08:47.225200Z,P2,400ppm,1.15999818139978
2021-03-05T10:18:46.679200Z,P2,400ppm,1.31203415898372
2021-03-05T10:28:46.654900Z,P2,400ppm,1.39822187700762
2021-03-05T10:38:45.383400Z,P2,400ppm,1.44792403175775
2021-03-05T10:48:46.227Z,P2,400ppm,1.48118346813383
2021-03-05T10:58:45.694100Z,P2,400ppm,1.49301627329019
2021-03-05T10:58:45.694100Z,P2,400ppm,1.49301627329019
2021-03-05T16:28:35.617900Z,P2,400ppm,-0.462501597888466
2021-03-05T16:38:35.582500Z,P2,400ppm,0.108756552339431
2021-03-05T16:48:35.197800Z,P2,400ppm,0.498918836495285
2021-03-05T16:58:35.409600Z,P2,400ppm,0.759054394202147
2021-03-05T17:08:34.091Z,P2,400ppm,0.930141432898567
2021-03-05T17:18:33.794300Z,P2,400ppm,1.0326524530604
2021-03-05T17:28:33.464600Z,P2,400ppm,1.0895182295319
2021-03-05T17:38:33.303500Z,P2,400ppm,1.10403088349067
2021-03-05T17:38:33.303500Z,P2,400ppm,1.10403088349067
2021-03-05T17:38:33.303500Z,P2,400ppm,1.10403088349067
2021-03-06T21:47:41.585300Z,P2,Cloudy,-0.180773137769166
2021-03-06T21:57:41.813Z,P2,Cloudy,0.250890798162545
2021-03-06T22:07:42.609500Z,P2,Cloudy,0.36408471953821
2021-03-06T22:17:40.734300Z,P2,Cloudy,0.330535028087419
2021-03-06T22:27:41.100700Z,P2,Cloudy,0.241362593792668
2021-03-06T22:37:40.913500Z,P2,Cloudy,0.1384962653804
2021-03-06T22:47:41.860700Z,P2,Cloudy,0.054026897574049
2021-03-06T22:57:40.362800Z,P2,Cloudy,-0.0215606670672014
2021-03-06T23:07:40.074700Z,P2,Cloudy,-0.0746591745528586
2021-03-06T23:17:40.233700Z,P2,Cloudy,-0.110103748979149
2021-03-06T23:27:39.845500Z,P2,Cloudy,-0.137566222472743
2021-03-06T23:37:39.640Z,P2,Cloudy,-0.15809332393902
2021-03-06T23:47:39.304400Z,P2,Cloudy,-0.170255367346004
2021-03-06T23:57:39.275100Z,P2,Cloudy,-0.182541450639915
2021-03-09T15:05:40.078800Z,P3,400ppm,-0.755634198162384
2021-03-09T15:15:38.575500Z,P3,400ppm,0.199640874709266
2021-03-09T15:25:38.513100Z,P3,400ppm,0.795299738436341
2021-03-09T15:35:38.988700Z,P3,400ppm,1.16588701556911
2021-03-09T15:45:38.159800Z,P3,400ppm,1.38738413993808
2021-03-09T15:55:38.295200Z,P3,400ppm,1.51719044462038
2021-03-09T16:05:37.575100Z,P3,400ppm,1.58676863084108
2021-03-09T16:15:37.221Z,P3,400ppm,-0.730727754905764
2021-03-09T16:25:36.196700Z,P3,400ppm,-0.240528676626715
2021-03-09T16:35:37.446900Z,P3,400ppm,0.455579904892715
2021-03-09T16:45:36.072600Z,P3,400ppm,0.876777060919229
2021-03-09T16:55:36.843200Z,P3,400ppm,1.14076245798196
2021-03-09T16:55:36.843200Z,P3,400ppm,1.14076245798196
2021-03-09T17:05:34.978500Z,P3,400ppm,1.31075198037998
2021-03-09T17:15:35.269700Z,P3,400ppm,1.40072735052605
2021-03-09T17:25:35.148900Z,P3,400ppm,1.45285243813751
2021-03-09T17:25:35.148900Z,P3,400ppm,1.45285243813751
2021-03-09T17:25:35.148900Z,P3,400ppm,1.45285243813751
2021-03-09T17:25:35.148900Z,P3,400ppm,1.45285243813751
2021-03-09T17:25:35.148900Z,P3,400ppm,1.45285243813751
2021-03-11T16:54:14.378700Z,P5,400ppm,-0.0251766206773547
2021-03-11T17:04:13.396300Z,P5,400ppm,0.640168759019091
2021-03-11T17:14:13.363600Z,P5,400ppm,1.0404060684737
2021-03-11T17:24:12.830700Z,P5,400ppm,1.27493439114576
2021-03-11T17:34:13.305100Z,P5,400ppm,1.40266234590016
2021-03-11T17:44:12.582800Z,P5,400ppm,1.45252541988425
2021-03-11T17:54:11.965300Z,P5,400ppm,1.46728888001224
2021-03-11T17:54:11.965300Z,P5,400ppm,1.46728888001224
2021-03-11T17:54:11.965300Z,P5,400ppm,1.46728888001224
2021-03-11T17:54:11.965300Z,P5,400ppm,1.46728888001224
2021-03-13T22:02:39.356200Z,P5,Cloudy,-0.591265760928489
2021-03-13T22:12:39.932500Z,P5,Cloudy,0.054663534676538
2021-03-13T22:22:39.409300Z,P5,Cloudy,0.304026801675052
2021-03-13T22:32:38.992300Z,P5,Cloudy,0.307091954916908
2021-03-13T22:42:37.921500Z,P5,Cloudy,0.253082020188822
2021-03-13T22:52:38.589900Z,P5,Cloudy,0.159907269260905
2021-03-13T23:02:37.537100Z,P5,Cloudy,0.0692699891743769
2021-03-13T23:12:37.199100Z,P5,Cloudy,-0.00455946347529713
2021-03-13T23:22:36.946Z,P5,Cloudy,-0.087921204373572
2021-03-13T23:32:36.399500Z,P5,Cloudy,-0.127803198430239
2021-03-13T23:42:34.958400Z,P5,Cloudy,-0.148625102129658
2021-03-13T23:52:36.324100Z,P5,Cloudy,-0.169597661912099
2021-03-13T23:52:36.324100Z,P5,Cloudy,-0.169597661912099
2021-03-13T23:52:36.324100Z,P5,Cloudy,-0.169597661912099
2021-03-13T23:52:36.324100Z,P5,Cloudy,-0.169597661912099
2021-03-15T08:01:38.067100Z,P5,400ppm,2.62013403726567
2021-03-15T08:11:37.377900Z,P5,400ppm,3.73508133651804
2021-03-15T08:21:37.276500Z,P5,400ppm,2.37599164722528
2021-03-15T08:31:37.122600Z,P5,400ppm,1.6873591715036
2021-03-15T13:01:29.750800Z,P5,400ppm,-0.823365775117027
2021-03-15T13:11:29.093200Z,P5,400ppm,-0.530775006778677
2021-03-15T13:21:28.573700Z,P5,400ppm,-0.340578958453239
2021-03-15T13:31:29.048200Z,P5,400ppm,-0.220411159603853
2021-03-15T13:41:29.194400Z,P5,400ppm,-0.133480951191634
2021-03-15T15:51:25.454900Z,P1,400ppm,-0.40702349090897
2021-03-15T16:01:25.714100Z,P1,400ppm,0.639900613900841
2021-03-15T16:11:25.131300Z,P1,400ppm,1.22019002645441
2021-03-15T16:21:25.418500Z,P1,400ppm,1.57332013286164
2021-03-15T16:31:25.449300Z,P1,400ppm,1.79584315789704
2021-03-15T16:41:24.303900Z,P1,400ppm,1.9417733647347
2021-03-15T16:51:25.082500Z,P1,400ppm,2.02844985630755
2021-03-15T17:01:23.385700Z,P1,400ppm,2.08745776670024
2021-03-15T17:11:23.698600Z,P1,400ppm,2.11192077103891
2021-03-15T17:11:23.698600Z,P1,400ppm,2.11192077103891
2021-03-15T17:11:23.698600Z,P1,400ppm,2.11192077103891
2021-03-15T17:11:23.698600Z,P1,400ppm,2.11192077103891
2021-03-15T17:11:23.698600Z,P1,400ppm,2.11192077103891
2021-03-17T21:39:50.273400Z,P1,Cloudy,-0.638526173554242
2021-03-17T21:49:50.210100Z,P1,Cloudy,0.0916830697498612
2021-03-17T21:59:49.695400Z,P1,Cloudy,0.308511091937704
2021-03-17T22:09:49.233300Z,P1,Cloudy,0.294271020564592
2021-03-17T22:19:49.314800Z,P1,Cloudy,0.193214988074253
2021-03-17T22:29:48.754500Z,P1,Cloudy,0.0940324297842592
2021-03-17T22:39:49.342800Z,P1,Cloudy,-0.00364869281862248
2021-03-17T22:49:47.895800Z,P1,Cloudy,-0.082462492426896
2021-03-17T22:59:48.023200Z,P1,Cloudy,-0.146024436503862
2021-03-17T23:09:47.195300Z,P1,Cloudy,-0.195886499001971
2021-03-17T23:19:47.503100Z,P1,Cloudy,-0.226684585014046
2021-03-17T23:29:47.596400Z,P1,Cloudy,-0.251601982222275
2021-03-17T23:39:47.784500Z,P1,Cloudy,-0.267280002475131
2021-03-17T23:49:46.502900Z,P1,Cloudy,-0.274290142931306
2021-03-17T23:59:46.337700Z,P1,Cloudy,-0.28838330747353
2021-03-17T23:59:46.337700Z,P1,Cloudy,-0.28838330747353
2021-03-17T23:59:46.337700Z,P1,Cloudy,-0.28838330747353
2021-03-18T08:19:31.437300Z,P1,600ppm,3.00659378711499
2021-03-18T08:29:30.591900Z,P1,600ppm,2.3939374425192
2021-03-18T08:39:30.221500Z,P1,600ppm,1.45149181128191
2021-03-18T08:49:30.339800Z,P1,600ppm,0.832104061171875
2021-03-18T08:59:30.542900Z,P1,600ppm,0.869503411511607
2021-03-18T09:09:30.051600Z,P1,600ppm,1.72765866814168
2021-03-18T09:19:29.207900Z,P1,600ppm,2.34606623130278
2021-03-18T09:29:28.763400Z,P1,600ppm,2.80562218743815
2021-03-18T09:39:28.861Z,P1,600ppm,3.15273609616255
2021-03-18T09:49:28.997500Z,P1,600ppm,3.38487820810704
2021-03-18T09:59:28.667500Z,P1,600ppm,3.5512693607499
2021-03-18T16:19:15.393700Z,P1,600ppm,3.69088874887831
2021-03-18T16:29:15.984100Z,P1,600ppm,2.15563189222691
2021-03-18T17:19:14.964200Z,P2,600ppm,-0.086277861714481
2021-03-18T17:29:14.671200Z,P2,600ppm,0.633700470241054
2021-03-18T17:39:14.863400Z,P2,600ppm,1.07411370701581
2021-03-18T17:49:14.018100Z,P2,600ppm,1.33794097307285
2021-03-18T17:59:13.899900Z,P2,600ppm,1.47752465563288
2021-03-18T18:09:13.642800Z,P2,600ppm,1.51367649504071
2021-03-18T18:19:12.943600Z,P2,600ppm,1.46156454622562
2021-03-18T18:19:12.943600Z,P2,600ppm,1.46156454622562
2021-03-18T18:19:12.943600Z,P2,600ppm,1.46156454622562
2021-03-18T18:19:12.943600Z,P2,600ppm,1.46156454622562
2021-03-20T22:57:40.879100Z,P2,Cloudy,-0.306245463139365
2021-03-20T23:07:41.281600Z,P2,Cloudy,0.232718799368875
2021-03-20T23:17:40.167100Z,P2,Cloudy,0.350472532862631
2021-03-20T23:27:40.193100Z,P2,Cloudy,0.326794581855812
2021-03-20T23:37:40.008700Z,P2,Cloudy,0.222878277950801
2021-03-20T23:47:39.958600Z,P2,Cloudy,0.117367416975955
2021-03-20T23:57:39.150300Z,P2,Cloudy,0.024545367896632
2021-03-09T16:15:37.221Z,P3,400ppm,-0.730727754905764
2021-03-09T16:15:37.221Z,P3,400ppm,-0.730727754905764
2021-03-09T16:15:37.221Z,P3,400ppm,-0.730727754905764
2021-03-09T16:15:37.221Z,P3,400ppm,-0.730727754905764
2021-03-09T16:15:37.221Z,P3,400ppm,-0.730727754905764
2021-03-09T16:15:37.221Z,P3,400ppm,-0.730727754905764
2021-03-15T08:11:37.377900Z,P5,400ppm,3.73508133651804
2021-03-15T08:11:37.377900Z,P5,400ppm,3.73508133651804
2021-03-15T08:11:37.377900Z,P5,400ppm,3.73508133651804
2021-03-15T08:11:37.377900Z,P5,400ppm,3.73508133651804
2021-03-15T08:11:37.377900Z,P5,400ppm,3.73508133651804
2021-03-15T08:11:37.377900Z,P5,400ppm,3.73508133651804
2021-03-15T08:11:37.377900Z,P5,400ppm,3.73508133651804
2021-03-15T08:11:37.377900Z,P5,400ppm,3.73508133651804
2021-03-15T08:11:37.377900Z,P5,400ppm,3.73508133651804
2021-03-15T08:11:37.377900Z,P5,400ppm,3.73508133651804
2021-03-15T08:11:37.377900Z,P5,400ppm,3.73508133651804
2021-03-15T08:11:37.377900Z,P5,400ppm,3.73508133651804
2021-03-15T08:11:37.377900Z,P5,400ppm,3.73508133651804
2021-03-22T07:56:40.717200Z,P2,400ppm,2.18196615161794
2021-03-22T08:06:40.689800Z,P2,400ppm,4.11874453101837
2021-03-22T08:16:39.406600Z,P2,400ppm,2.77306753392113
2021-03-22T08:26:40.052600Z,P2,400ppm,2.05743257499553
2021-03-22T15:46:26.369400Z,P3,400ppm,0.129726066510025
2021-03-22T15:56:26.752100Z,P3,400ppm,0.978989096284498
2021-03-22T16:06:25.508200Z,P3,400ppm,1.51029642485416
2021-03-22T16:16:25.628400Z,P3,400ppm,1.82910061193888
2021-03-22T16:26:24.860400Z,P3,400ppm,2.02775970607613
2021-03-22T16:26:24.860400Z,P3,400ppm,2.02775970607613
2021-03-22T16:36:24.152500Z,P3,400ppm,2.13124895008066
2021-03-22T16:46:23.670Z,P3,400ppm,2.20585335274771
2021-03-22T16:56:24.550200Z,P3,400ppm,2.23302751869036
2021-03-22T16:56:24.550200Z,P3,400ppm,2.23302751869036
2021-03-22T16:56:24.550200Z,P3,400ppm,2.23302751869036
2021-03-22T16:56:24.550200Z,P3,400ppm,2.23302751869036
2021-03-24T21:34:51.565900Z,P3,Cloudy,-0.175412237974209
2021-03-24T21:44:51.633Z,P3,Cloudy,0.221116205816861
2021-03-24T21:54:51.111200Z,P3,Cloudy,0.304553561072337
2021-03-24T22:04:51.449100Z,P3,Cloudy,0.277869789205752
2021-03-24T22:14:50.367100Z,P3,Cloudy,0.182301420951422
2021-03-24T22:24:50.758600Z,P3,Cloudy,0.0835696144180525
2021-03-24T22:34:49.014400Z,P3,Cloudy,-0.00713182479725334
2021-03-24T22:44:49.795800Z,P3,Cloudy,-0.0794174642913395
2021-03-24T22:54:49.170100Z,P3,Cloudy,-0.136481389143276
2021-03-24T23:04:48.407Z,P3,Cloudy,-0.182607897600542
2021-03-24T23:14:48.133900Z,P3,Cloudy,-0.207544183010136
2021-03-24T23:24:49.030700Z,P3,Cloudy,-0.234986723324072
2021-03-24T23:34:48.239400Z,P3,Cloudy,-0.248005904561965
2021-03-24T23:44:47.297500Z,P3,Cloudy,-0.258088587904016
2021-03-24T23:54:47.817400Z,P3,Cloudy,-0.263589544360142
2021-03-24T23:54:47.817400Z,P3,Cloudy,-0.263589544360142
2021-03-24T23:54:47.817400Z,P3,Cloudy,-0.263589544360142
2021-03-26T07:53:50.481900Z,P3,400ppm,2.34926708887733
2021-03-26T08:03:50.336300Z,P3,400ppm,4.83855358442095
2021-03-26T08:13:51.428400Z,P3,400ppm,3.83722951871344
2021-03-26T08:23:49.444300Z,P3,400ppm,2.72962568312084
2021-03-26T08:33:49.119Z,P3,400ppm,1.90767428870847
2021-03-26T08:43:49.593600Z,P3,400ppm,1.86741215536748
2021-03-26T13:43:42.209700Z,P3,400ppm,-0.957224821933777
2021-03-26T14:33:39.603900Z,P5,400ppm,-0.0418319579433285
2021-03-26T14:43:40.208400Z,P5,400ppm,0.730187242990591
2021-03-26T14:53:38.999600Z,P5,400ppm,1.21410264031288
2021-03-26T15:03:38.915100Z,P5,400ppm,1.5244846822389
2021-03-26T15:13:39.392800Z,P5,400ppm,1.71080878447588
2021-03-26T15:13:39.392800Z,P5,400ppm,1.71080878447588
2021-03-26T15:23:38.248400Z,P5,400ppm,1.82676882055989
2021-03-26T15:33:38.391600Z,P5,400ppm,1.8891051893555
2021-03-26T15:43:37.065600Z,P5,400ppm,1.93784097601521
2021-03-26T15:53:37.761200Z,P5,400ppm,1.96935417674231
2021-03-26T15:53:37.761200Z,P5,400ppm,1.96935417674231
2021-03-26T15:53:37.761200Z,P5,400ppm,1.96935417674231
2021-03-27T21:42:44.625500Z,P5,Cold,-0.429872182295554
2021-03-27T21:52:44.071600Z,P5,Cold,1.24944463858515
2021-03-27T22:02:43.499900Z,P5,Cold,1.62531289851321
2021-03-27T22:12:43.957100Z,P5,Cold,1.56463124369209
2021-03-27T22:22:43.475400Z,P5,Cold,1.288555047906
2021-03-27T22:22:43.475400Z,P5,Cold,1.288555047906
2021-03-27T22:22:43.475400Z,P5,Cold,1.288555047906
2021-03-27T22:32:43.108600Z,P5,Cold,0.990642676617341
2021-03-27T22:42:43.018700Z,P5,Cold,0.710613747698978
2021-03-27T22:52:42.903600Z,P5,Cold,0.494328034263619
2021-03-27T23:02:42.353600Z,P5,Cold,0.329014818803419
2021-03-27T23:12:41.872Z,P5,Cold,0.213820040348928
2021-03-27T23:22:41.646600Z,P5,Cold,0.136019585003964
2021-03-27T23:32:41.666200Z,P5,Cold,0.0646925980282795
2021-03-27T23:42:40.891100Z,P5,Cold,0.0246680425341216
2021-03-27T23:52:40.129Z,P5,Cold,-0.0150112662571711
2021-03-27T23:52:40.129Z,P5,Cold,-0.0150112662571711
2021-03-28T20:52:06.036100Z,P5,800ppm,3.17035780548323
2021-03-28T20:52:06.036100Z,P5,800ppm,3.17035780548323
2021-03-28T21:02:06.343500Z,P5,800ppm,2.52651455462304
2021-03-28T21:12:05.339100Z,P5,800ppm,0.0341745164782515
2021-03-28T22:12:03.683700Z,P5,800ppm,-0.91009432026932
2021-03-28T22:22:04.460600Z,P5,800ppm,-0.755225225409636
2021-03-28T22:32:02.688Z,P5,800ppm,-0.631522399334882
2021-03-28T22:42:02.545400Z,P5,800ppm,-0.537255694536412
2021-03-28T22:52:02.689900Z,P5,800ppm,-0.471889823286693
2021-03-28T23:02:02.344900Z,P5,800ppm,-0.419069047432339
2021-03-28T23:12:01.623400Z,P5,800ppm,-0.300190325370282
2021-03-28T23:12:01.623400Z,P5,800ppm,-0.300190325370282
2021-03-28T23:12:01.623400Z,P5,800ppm,-0.300190325370282
2021-03-29T16:41:28.905800Z,P5,DryCold,-0.474034287817236
2021-03-29T16:51:29.051400Z,P5,DryCold,0.152990366734861
2021-03-29T17:01:27.633Z,P5,DryCold,0.634846798659441
2021-03-29T17:11:27.872900Z,P5,DryCold,0.963241979014134
2021-03-29T17:21:26.893500Z,P5,DryCold,1.14568519341815
2021-03-29T17:31:27.353500Z,P5,DryCold,1.23379535435479
2021-03-29T17:41:27.716800Z,P5,DryCold,1.28976470238992
2021-03-29T17:51:26.570900Z,P5,DryCold,1.29921926203127
2021-03-29T18:01:25.724800Z,P5,DryCold,1.31886755471331
2021-03-29T18:01:25.724800Z,P5,DryCold,1.31886755471331
2021-03-29T18:01:25.724800Z,P5,DryCold,1.31886755471331
2021-03-09T16:15:37.221Z,P3,400ppm,-0.730727754905764
2021-03-21T00:07:39.362800Z,P2,600ppm,-0.0593
2021-03-21T00:17:38.502100Z,P2,600ppm,-0.1128
2021-03-21T00:27:38.799700Z,P2,600ppm,-0.1531
2021-03-21T00:37:37.769900Z,P2,600ppm,-0.1823
2021-03-21T00:47:37.603Z,P2,600ppm,-0.2043
2021-03-21T00:57:37.439200Z,P2,600ppm,-0.2156
2021-03-21T01:07:37.916300Z,P2,600ppm,-0.2327
2021-03-21T01:07:37.916300Z,P2,600ppm,-0.2327
2021-03-21T01:07:37.916300Z,P2,600ppm,-0.2327
2021-03-21T01:07:37.916300Z,P2,600ppm,-0.2327
2021-03-22T14:16:28.844200Z,P2,400ppm,1.9806
2021-03-22T14:16:28.844200Z,P2,400ppm,1.9806
2021-03-22T14:26:27.880700Z,P2,400ppm,1.9831
2021-03-22T14:36:28.510400Z,P2,400ppm,1.9949
2021-03-22T14:46:27.055Z,P2,400ppm,2.0016
2021-03-26T07:43:51.972700Z,P3,400ppm,2.1217
2021-03-30T10:30:55.640900Z,P5,400ppm,-0.236
2021-03-30T10:40:56.728300Z,P5,400ppm,0.3496
2021-03-30T10:50:55.430Z,P5,400ppm,0.6915
2021-03-30T11:00:53.553800Z,P5,400ppm,0.8897
2021-03-30T11:10:54.955300Z,P5,400ppm,0.9996
2021-03-30T11:20:54.344700Z,P5,400ppm,1.0621
2021-03-30T11:30:53.802300Z,P5,400ppm,1.1004
2021-03-30T11:40:53.888600Z,P5,400ppm,1.1175
2021-03-30T14:00:50.019300Z,P1,400ppm,-0.769
2021-03-30T14:10:49.306600Z,P1,400ppm,0.4919
2021-03-30T14:20:49.411900Z,P1,400ppm,1.2791
2021-03-30T14:30:49.863300Z,P1,400ppm,1.7619
2021-03-30T14:40:49.082100Z,P1,400ppm,2.0642
2021-03-30T14:50:48.626600Z,P1,400ppm,2.2525
2021-03-30T15:00:47.328400Z,P1,400ppm,2.3586
2021-03-30T15:10:48.128600Z,P1,400ppm,2.4218
2021-03-30T15:20:47.075200Z,P1,400ppm,2.4536
2021-03-30T15:30:47.959400Z,P1,400ppm,2.4776
2021-03-30T15:40:46.405400Z,P1,400ppm,2.379
2021-03-30T15:50:46.988500Z,P1,400ppm,2.4362
2021-03-30T16:00:46.969500Z,P1,400ppm,2.4847
2021-03-30T16:10:46.284Z,P1,400ppm,2.5135
2021-03-30T16:20:45.477700Z,P1,400ppm,2.5332
2021-03-30T16:20:45.477700Z,P1,400ppm,2.5332
2021-03-30T16:20:45.477700Z,P1,400ppm,2.5332
2021-03-30T16:30:44.633800Z,P1,400ppm,2.5433
2021-03-31T10:40:12.047800Z,P1,Cold,0.0623
2021-03-31T10:50:12.292400Z,P1,Cold,1.1428
2021-03-31T11:00:12.040700Z,P1,Cold,1.8255
2021-03-31T11:10:11.405300Z,P1,Cold,2.269
2021-03-31T11:20:11.622300Z,P1,Cold,2.5558
2021-03-31T11:30:10.745300Z,P1,Cold,2.7394
2021-03-31T11:40:10.938400Z,P1,Cold,2.8532
2021-03-31T11:50:10.910300Z,P1,Cold,2.9217
2021-03-31T12:00:10.893400Z,P1,Cold,2.969
2021-03-31T12:10:11.285400Z,P1,Cold,3.0003
2021-03-31T20:19:57.088700Z,P1,Cold,-0.5549
2021-03-31T20:29:56.253200Z,P1,Cold,0.9682
2021-03-31T20:39:56.992500Z,P1,Cold,1.3119
2021-03-31T20:49:56.173500Z,P1,Cold,1.3079
2021-03-31T20:59:56.525800Z,P1,Cold,1.0673
2021-03-31T21:09:56.473900Z,P1,Cold,0.7986
2021-03-31T21:19:55.338500Z,P1,Cold,0.563
2021-03-31T21:29:54.563600Z,P1,Cold,0.366
2021-03-31T21:39:54.192900Z,P1,Cold,0.2159
2021-03-31T21:49:54.215500Z,P1,Cold,0.0981
2021-03-31T21:59:53.807Z,P1,Cold,0.0128
2021-03-31T22:09:54.281100Z,P1,Cold,-0.0362
2021-03-31T22:19:53.405200Z,P1,Cold,-0.0828
2021-03-31T22:29:54.392100Z,P1,Cold,-0.1211
2021-03-31T22:39:53.595100Z,P1,Cold,-0.15
2021-03-31T22:49:52.707900Z,P1,Cold,-0.1671
2021-03-31T22:59:51.555400Z,P1,Cold,-0.1863
2021-03-31T23:09:52.417600Z,P1,Cold,-0.1853
2021-03-31T23:19:52.672600Z,P1,Cold,-0.1934
2021-03-31T23:29:52.161300Z,P1,Cold,-0.1911
2021-03-31T23:39:51.227200Z,P1,Cold,-0.199
2021-03-31T23:49:50.946400Z,P1,Cold,-0.2028
2021-03-31T23:59:50.233400Z,P1,Cold,-0.206
2021-03-31T23:59:50.233400Z,P1,Cold,-0.206
2021-03-31T23:59:50.233400Z,P1,Cold,-0.206
